ISO-10303-21;
HEADER;
FILE_DESCRIPTION(('Open CASCADE Model'),'2;1');
FILE_NAME('Open CASCADE Shape Model','2026-10-01T11:04:31',('Author'),(
    'Open CASCADE'),'Open CASCADE STEP processor 7.9','Open CASCADE 7.9'
  ,'Unknown');
FILE_SCHEMA(('AUTOMOTIVE_DESIGN { 1 0 10303 214 1 1 1 1 }'));
ENDSEC;
DATA;
#1 = APPLICATION_PROTOCOL_DEFINITION('international standard',
  'automotive_design',2000,#2);
#2 = APPLICATION_CONTEXT(
  'core data for automotive mechanical design processes');
#3 = SHAPE_DEFINITION_REPRESENTATION(#4,#10);
#4 = PRODUCT_DEFINITION_SHAPE('','',#5);
#5 = PRODUCT_DEFINITION('design','',#6,#9);
#6 = PRODUCT_DEFINITION_FORMATION('','',#7);
#7 = PRODUCT('Open CASCADE STEP translator 7.9 2',
  'Open CASCADE STEP translator 7.9 2','',(#8));
#8 = PRODUCT_CONTEXT('',#2,'mechanical');
#9 = PRODUCT_DEFINITION_CONTEXT('part definition',#2,'design');
#10 = ADVANCED_BREP_SHAPE_REPRESENTATION('',(#11,#15),#2731);
#11 = AXIS2_PLACEMENT_3D('',#12,#13,#14);
#12 = CARTESIAN_POINT('',(0.,0.,0.));
#13 = DIRECTION('',(0.,0.,1.));
#14 = DIRECTION('',(1.,0.,-0.));
#15 = MANIFOLD_SOLID_BREP('',#16);
#16 = CLOSED_SHELL('',(#17,#168,#684,#734,#788,#1267,#1317,#1344,#1512,
    #1539,#1566,#1608,#1635,#1694,#1721,#1775,#1844,#1891,#1938,#1963,
    #1990,#2017,#2114,#2162,#2210,#2257,#2420,#2468,#2516,#2546,#2573,
    #2620,#2647,#2674,#2681,#2708));
#17 = ADVANCED_FACE('',(#18,#137),#32,.F.);
#18 = FACE_BOUND('',#19,.F.);
#19 = EDGE_LOOP('',(#20,#55,#83,#111));
#20 = ORIENTED_EDGE('',*,*,#21,.F.);
#21 = EDGE_CURVE('',#22,#24,#26,.T.);
#22 = VERTEX_POINT('',#23);
#23 = CARTESIAN_POINT('',(-80.,-70.5,52.));
#24 = VERTEX_POINT('',#25);
#25 = CARTESIAN_POINT('',(-80.,70.5,52.));
#26 = SURFACE_CURVE('',#27,(#31,#43),.PCURVE_S1.);
#27 = LINE('',#28,#29);
#28 = CARTESIAN_POINT('',(-80.,-77.5,52.));
#29 = VECTOR('',#30,1.);
#30 = DIRECTION('',(0.,1.,0.));
#31 = PCURVE('',#32,#37);
#32 = PLANE('',#33);
#33 = AXIS2_PLACEMENT_3D('',#34,#35,#36);
#34 = CARTESIAN_POINT('',(-80.,-77.5,3.));
#35 = DIRECTION('',(1.,0.,0.));
#36 = DIRECTION('',(0.,0.,1.));
#37 = DEFINITIONAL_REPRESENTATION('',(#38),#42);
#38 = LINE('',#39,#40);
#39 = CARTESIAN_POINT('',(49.,0.));
#40 = VECTOR('',#41,1.);
#41 = DIRECTION('',(0.,-1.));
#42 = ( GEOMETRIC_REPRESENTATION_CONTEXT(2) 
PARAMETRIC_REPRESENTATION_CONTEXT() REPRESENTATION_CONTEXT('2D SPACE',''
  ) );
#43 = PCURVE('',#44,#49);
#44 = PLANE('',#45);
#45 = AXIS2_PLACEMENT_3D('',#46,#47,#48);
#46 = CARTESIAN_POINT('',(-80.,-77.5,52.));
#47 = DIRECTION('',(0.,0.,1.));
#48 = DIRECTION('',(1.,0.,0.));
#49 = DEFINITIONAL_REPRESENTATION('',(#50),#54);
#50 = LINE('',#51,#52);
#51 = CARTESIAN_POINT('',(0.,0.));
#52 = VECTOR('',#53,1.);
#53 = DIRECTION('',(0.,1.));
#54 = ( GEOMETRIC_REPRESENTATION_CONTEXT(2) 
PARAMETRIC_REPRESENTATION_CONTEXT() REPRESENTATION_CONTEXT('2D SPACE',''
  ) );
#55 = ORIENTED_EDGE('',*,*,#56,.F.);
#56 = EDGE_CURVE('',#57,#22,#59,.T.);
#57 = VERTEX_POINT('',#58);
#58 = CARTESIAN_POINT('',(-80.,-70.5,3.));
#59 = SURFACE_CURVE('',#60,(#64,#71),.PCURVE_S1.);
#60 = LINE('',#61,#62);
#61 = CARTESIAN_POINT('',(-80.,-70.5,3.));
#62 = VECTOR('',#63,1.);
#63 = DIRECTION('',(0.,0.,1.));
#64 = PCURVE('',#32,#65);
#65 = DEFINITIONAL_REPRESENTATION('',(#66),#70);
#66 = LINE('',#67,#68);
#67 = CARTESIAN_POINT('',(0.,-7.));
#68 = VECTOR('',#69,1.);
#69 = DIRECTION('',(1.,0.));
#70 = ( GEOMETRIC_REPRESENTATION_CONTEXT(2) 
PARAMETRIC_REPRESENTATION_CONTEXT() REPRESENTATION_CONTEXT('2D SPACE',''
  ) );
#71 = PCURVE('',#72,#77);
#72 = CYLINDRICAL_SURFACE('',#73,7.);
#73 = AXIS2_PLACEMENT_3D('',#74,#75,#76);
#74 = CARTESIAN_POINT('',(-73.,-70.5,3.));
#75 = DIRECTION('',(0.,0.,1.));
#76 = DIRECTION('',(-1.,-0.,0.));
#77 = DEFINITIONAL_REPRESENTATION('',(#78),#82);
#78 = LINE('',#79,#80);
#79 = CARTESIAN_POINT('',(0.,0.));
#80 = VECTOR('',#81,1.);
#81 = DIRECTION('',(0.,1.));
#82 = ( GEOMETRIC_REPRESENTATION_CONTEXT(2) 
PARAMETRIC_REPRESENTATION_CONTEXT() REPRESENTATION_CONTEXT('2D SPACE',''
  ) );
#83 = ORIENTED_EDGE('',*,*,#84,.T.);
#84 = EDGE_CURVE('',#57,#85,#87,.T.);
#85 = VERTEX_POINT('',#86);
#86 = CARTESIAN_POINT('',(-80.,70.5,3.));
#87 = SURFACE_CURVE('',#88,(#92,#99),.PCURVE_S1.);
#88 = LINE('',#89,#90);
#89 = CARTESIAN_POINT('',(-80.,-77.5,3.));
#90 = VECTOR('',#91,1.);
#91 = DIRECTION('',(0.,1.,0.));
#92 = PCURVE('',#32,#93);
#93 = DEFINITIONAL_REPRESENTATION('',(#94),#98);
#94 = LINE('',#95,#96);
#95 = CARTESIAN_POINT('',(0.,0.));
#96 = VECTOR('',#97,1.);
#97 = DIRECTION('',(0.,-1.));
#98 = ( GEOMETRIC_REPRESENTATION_CONTEXT(2) 
PARAMETRIC_REPRESENTATION_CONTEXT() REPRESENTATION_CONTEXT('2D SPACE',''
  ) );
#99 = PCURVE('',#100,#105);
#100 = PLANE('',#101);
#101 = AXIS2_PLACEMENT_3D('',#102,#103,#104);
#102 = CARTESIAN_POINT('',(-80.,-77.5,3.));
#103 = DIRECTION('',(0.,0.,1.));
#104 = DIRECTION('',(1.,0.,0.));
#105 = DEFINITIONAL_REPRESENTATION('',(#106),#110);
#106 = LINE('',#107,#108);
#107 = CARTESIAN_POINT('',(0.,0.));
#108 = VECTOR('',#109,1.);
#109 = DIRECTION('',(0.,1.));
#110 = ( GEOMETRIC_REPRESENTATION_CONTEXT(2) 
PARAMETRIC_REPRESENTATION_CONTEXT() REPRESENTATION_CONTEXT('2D SPACE',''
  ) );
#111 = ORIENTED_EDGE('',*,*,#112,.T.);
#112 = EDGE_CURVE('',#85,#24,#113,.T.);
#113 = SURFACE_CURVE('',#114,(#118,#125),.PCURVE_S1.);
#114 = LINE('',#115,#116);
#115 = CARTESIAN_POINT('',(-80.,70.5,3.));
#116 = VECTOR('',#117,1.);
#117 = DIRECTION('',(0.,0.,1.));
#118 = PCURVE('',#32,#119);
#119 = DEFINITIONAL_REPRESENTATION('',(#120),#124);
#120 = LINE('',#121,#122);
#121 = CARTESIAN_POINT('',(0.,-148.));
#122 = VECTOR('',#123,1.);
#123 = DIRECTION('',(1.,0.));
#124 = ( GEOMETRIC_REPRESENTATION_CONTEXT(2) 
PARAMETRIC_REPRESENTATION_CONTEXT() REPRESENTATION_CONTEXT('2D SPACE',''
  ) );
#125 = PCURVE('',#126,#131);
#126 = CYLINDRICAL_SURFACE('',#127,7.);
#127 = AXIS2_PLACEMENT_3D('',#128,#129,#130);
#128 = CARTESIAN_POINT('',(-73.,70.5,3.));
#129 = DIRECTION('',(0.,0.,1.));
#130 = DIRECTION('',(-1.,-0.,0.));
#131 = DEFINITIONAL_REPRESENTATION('',(#132),#136);
#132 = LINE('',#133,#134);
#133 = CARTESIAN_POINT('',(-0.,0.));
#134 = VECTOR('',#135,1.);
#135 = DIRECTION('',(-0.,1.));
#136 = ( GEOMETRIC_REPRESENTATION_CONTEXT(2) 
PARAMETRIC_REPRESENTATION_CONTEXT() REPRESENTATION_CONTEXT('2D SPACE',''
  ) );
#137 = FACE_BOUND('',#138,.F.);
#138 = EDGE_LOOP('',(#139));
#139 = ORIENTED_EDGE('',*,*,#140,.F.);
#140 = EDGE_CURVE('',#141,#141,#143,.T.);
#141 = VERTEX_POINT('',#142);
#142 = CARTESIAN_POINT('',(-80.,-8.9,16.));
#143 = SURFACE_CURVE('',#144,(#149,#156),.PCURVE_S1.);
#144 = CIRCLE('',#145,6.1);
#145 = AXIS2_PLACEMENT_3D('',#146,#147,#148);
#146 = CARTESIAN_POINT('',(-80.,-15.,16.));
#147 = DIRECTION('',(1.,0.,0.));
#148 = DIRECTION('',(-0.,1.,0.));
#149 = PCURVE('',#32,#150);
#150 = DEFINITIONAL_REPRESENTATION('',(#151),#155);
#151 = CIRCLE('',#152,6.1);
#152 = AXIS2_PLACEMENT_2D('',#153,#154);
#153 = CARTESIAN_POINT('',(13.,-62.5));
#154 = DIRECTION('',(0.,-1.));
#155 = ( GEOMETRIC_REPRESENTATION_CONTEXT(2) 
PARAMETRIC_REPRESENTATION_CONTEXT() REPRESENTATION_CONTEXT('2D SPACE',''
  ) );
#156 = PCURVE('',#157,#162);
#157 = CYLINDRICAL_SURFACE('',#158,6.1);
#158 = AXIS2_PLACEMENT_3D('',#159,#160,#161);
#159 = CARTESIAN_POINT('',(0.,-15.,16.));
#160 = DIRECTION('',(1.,0.,0.));
#161 = DIRECTION('',(0.,1.,0.));
#162 = DEFINITIONAL_REPRESENTATION('',(#163),#167);
#163 = LINE('',#164,#165);
#164 = CARTESIAN_POINT('',(0.,-80.));
#165 = VECTOR('',#166,1.);
#166 = DIRECTION('',(1.,0.));
#167 = ( GEOMETRIC_REPRESENTATION_CONTEXT(2) 
PARAMETRIC_REPRESENTATION_CONTEXT() REPRESENTATION_CONTEXT('2D SPACE',''
  ) );
#168 = ADVANCED_FACE('',(#169,#368,#403,#438,#473,#508,#614,#649),#44,
  .T.);
#169 = FACE_BOUND('',#170,.T.);
#170 = EDGE_LOOP('',(#171,#172,#196,#224,#257,#285,#314,#342));
#171 = ORIENTED_EDGE('',*,*,#21,.F.);
#172 = ORIENTED_EDGE('',*,*,#173,.T.);
#173 = EDGE_CURVE('',#22,#174,#176,.T.);
#174 = VERTEX_POINT('',#175);
#175 = CARTESIAN_POINT('',(-73.,-77.5,52.));
#176 = SURFACE_CURVE('',#177,(#182,#189),.PCURVE_S1.);
#177 = CIRCLE('',#178,7.);
#178 = AXIS2_PLACEMENT_3D('',#179,#180,#181);
#179 = CARTESIAN_POINT('',(-73.,-70.5,52.));
#180 = DIRECTION('',(0.,0.,1.));
#181 = DIRECTION('',(0.,-1.,0.));
#182 = PCURVE('',#44,#183);
#183 = DEFINITIONAL_REPRESENTATION('',(#184),#188);
#184 = CIRCLE('',#185,7.);
#185 = AXIS2_PLACEMENT_2D('',#186,#187);
#186 = CARTESIAN_POINT('',(7.,7.));
#187 = DIRECTION('',(0.,-1.));
#188 = ( GEOMETRIC_REPRESENTATION_CONTEXT(2) 
PARAMETRIC_REPRESENTATION_CONTEXT() REPRESENTATION_CONTEXT('2D SPACE',''
  ) );
#189 = PCURVE('',#72,#190);
#190 = DEFINITIONAL_REPRESENTATION('',(#191),#195);
#191 = LINE('',#192,#193);
#192 = CARTESIAN_POINT('',(-4.712388980385,49.));
#193 = VECTOR('',#194,1.);
#194 = DIRECTION('',(1.,0.));
#195 = ( GEOMETRIC_REPRESENTATION_CONTEXT(2) 
PARAMETRIC_REPRESENTATION_CONTEXT() REPRESENTATION_CONTEXT('2D SPACE',''
  ) );
#196 = ORIENTED_EDGE('',*,*,#197,.T.);
#197 = EDGE_CURVE('',#174,#198,#200,.T.);
#198 = VERTEX_POINT('',#199);
#199 = CARTESIAN_POINT('',(73.,-77.5,52.));
#200 = SURFACE_CURVE('',#201,(#205,#212),.PCURVE_S1.);
#201 = LINE('',#202,#203);
#202 = CARTESIAN_POINT('',(-80.,-77.5,52.));
#203 = VECTOR('',#204,1.);
#204 = DIRECTION('',(1.,0.,0.));
#205 = PCURVE('',#44,#206);
#206 = DEFINITIONAL_REPRESENTATION('',(#207),#211);
#207 = LINE('',#208,#209);
#208 = CARTESIAN_POINT('',(0.,0.));
#209 = VECTOR('',#210,1.);
#210 = DIRECTION('',(1.,0.));
#211 = ( GEOMETRIC_REPRESENTATION_CONTEXT(2) 
PARAMETRIC_REPRESENTATION_CONTEXT() REPRESENTATION_CONTEXT('2D SPACE',''
  ) );
#212 = PCURVE('',#213,#218);
#213 = PLANE('',#214);
#214 = AXIS2_PLACEMENT_3D('',#215,#216,#217);
#215 = CARTESIAN_POINT('',(-80.,-77.5,3.));
#216 = DIRECTION('',(0.,1.,0.));
#217 = DIRECTION('',(0.,0.,1.));
#218 = DEFINITIONAL_REPRESENTATION('',(#219),#223);
#219 = LINE('',#220,#221);
#220 = CARTESIAN_POINT('',(49.,0.));
#221 = VECTOR('',#222,1.);
#222 = DIRECTION('',(0.,1.));
#223 = ( GEOMETRIC_REPRESENTATION_CONTEXT(2) 
PARAMETRIC_REPRESENTATION_CONTEXT() REPRESENTATION_CONTEXT('2D SPACE',''
  ) );
#224 = ORIENTED_EDGE('',*,*,#225,.F.);
#225 = EDGE_CURVE('',#226,#198,#228,.T.);
#226 = VERTEX_POINT('',#227);
#227 = CARTESIAN_POINT('',(80.,-70.5,52.));
#228 = SURFACE_CURVE('',#229,(#234,#245),.PCURVE_S1.);
#229 = CIRCLE('',#230,7.);
#230 = AXIS2_PLACEMENT_3D('',#231,#232,#233);
#231 = CARTESIAN_POINT('',(73.,-70.5,52.));
#232 = DIRECTION('',(-0.,-0.,-1.));
#233 = DIRECTION('',(0.,-1.,0.));
#234 = PCURVE('',#44,#235);
#235 = DEFINITIONAL_REPRESENTATION('',(#236),#244);
#236 = ( BOUNDED_CURVE() B_SPLINE_CURVE(2,(#237,#238,#239,#240,#241,#242
,#243),.UNSPECIFIED.,.T.,.F.) B_SPLINE_CURVE_WITH_KNOTS((1,2,2,2,2,1),(
    -2.094395102393,0.,2.094395102393,4.188790204786,6.28318530718,
8.377580409573),.UNSPECIFIED.) CURVE() GEOMETRIC_REPRESENTATION_ITEM() 
RATIONAL_B_SPLINE_CURVE((1.,0.5,1.,0.5,1.,0.5,1.)) REPRESENTATION_ITEM(
  '') );
#237 = CARTESIAN_POINT('',(153.,0.));
#238 = CARTESIAN_POINT('',(140.87564434701,0.));
#239 = CARTESIAN_POINT('',(146.9378221735,10.5));
#240 = CARTESIAN_POINT('',(153.,21.));
#241 = CARTESIAN_POINT('',(159.06217782649,10.5));
#242 = CARTESIAN_POINT('',(165.12435565298,1.06581410364E-14));
#243 = CARTESIAN_POINT('',(153.,0.));
#244 = ( GEOMETRIC_REPRESENTATION_CONTEXT(2) 
PARAMETRIC_REPRESENTATION_CONTEXT() REPRESENTATION_CONTEXT('2D SPACE',''
  ) );
#245 = PCURVE('',#246,#251);
#246 = CYLINDRICAL_SURFACE('',#247,7.);
#247 = AXIS2_PLACEMENT_3D('',#248,#249,#250);
#248 = CARTESIAN_POINT('',(73.,-70.5,3.));
#249 = DIRECTION('',(0.,0.,1.));
#250 = DIRECTION('',(1.,0.,-0.));
#251 = DEFINITIONAL_REPRESENTATION('',(#252),#256);
#252 = LINE('',#253,#254);
#253 = CARTESIAN_POINT('',(4.712388980385,49.));
#254 = VECTOR('',#255,1.);
#255 = DIRECTION('',(-1.,0.));
#256 = ( GEOMETRIC_REPRESENTATION_CONTEXT(2) 
PARAMETRIC_REPRESENTATION_CONTEXT() REPRESENTATION_CONTEXT('2D SPACE',''
  ) );
#257 = ORIENTED_EDGE('',*,*,#258,.T.);
#258 = EDGE_CURVE('',#226,#259,#261,.T.);
#259 = VERTEX_POINT('',#260);
#260 = CARTESIAN_POINT('',(80.,70.5,52.));
#261 = SURFACE_CURVE('',#262,(#266,#273),.PCURVE_S1.);
#262 = LINE('',#263,#264);
#263 = CARTESIAN_POINT('',(80.,-77.5,52.));
#264 = VECTOR('',#265,1.);
#265 = DIRECTION('',(0.,1.,0.));
#266 = PCURVE('',#44,#267);
#267 = DEFINITIONAL_REPRESENTATION('',(#268),#272);
#268 = LINE('',#269,#270);
#269 = CARTESIAN_POINT('',(160.,0.));
#270 = VECTOR('',#271,1.);
#271 = DIRECTION('',(0.,1.));
#272 = ( GEOMETRIC_REPRESENTATION_CONTEXT(2) 
PARAMETRIC_REPRESENTATION_CONTEXT() REPRESENTATION_CONTEXT('2D SPACE',''
  ) );
#273 = PCURVE('',#274,#279);
#274 = PLANE('',#275);
#275 = AXIS2_PLACEMENT_3D('',#276,#277,#278);
#276 = CARTESIAN_POINT('',(80.,-77.5,3.));
#277 = DIRECTION('',(1.,0.,0.));
#278 = DIRECTION('',(0.,0.,1.));
#279 = DEFINITIONAL_REPRESENTATION('',(#280),#284);
#280 = LINE('',#281,#282);
#281 = CARTESIAN_POINT('',(49.,0.));
#282 = VECTOR('',#283,1.);
#283 = DIRECTION('',(0.,-1.));
#284 = ( GEOMETRIC_REPRESENTATION_CONTEXT(2) 
PARAMETRIC_REPRESENTATION_CONTEXT() REPRESENTATION_CONTEXT('2D SPACE',''
  ) );
#285 = ORIENTED_EDGE('',*,*,#286,.T.);
#286 = EDGE_CURVE('',#259,#287,#289,.T.);
#287 = VERTEX_POINT('',#288);
#288 = CARTESIAN_POINT('',(73.,77.5,52.));
#289 = SURFACE_CURVE('',#290,(#295,#302),.PCURVE_S1.);
#290 = CIRCLE('',#291,7.);
#291 = AXIS2_PLACEMENT_3D('',#292,#293,#294);
#292 = CARTESIAN_POINT('',(73.,70.5,52.));
#293 = DIRECTION('',(0.,0.,1.));
#294 = DIRECTION('',(0.,-1.,0.));
#295 = PCURVE('',#44,#296);
#296 = DEFINITIONAL_REPRESENTATION('',(#297),#301);
#297 = CIRCLE('',#298,7.);
#298 = AXIS2_PLACEMENT_2D('',#299,#300);
#299 = CARTESIAN_POINT('',(153.,148.));
#300 = DIRECTION('',(0.,-1.));
#301 = ( GEOMETRIC_REPRESENTATION_CONTEXT(2) 
PARAMETRIC_REPRESENTATION_CONTEXT() REPRESENTATION_CONTEXT('2D SPACE',''
  ) );
#302 = PCURVE('',#303,#308);
#303 = CYLINDRICAL_SURFACE('',#304,7.);
#304 = AXIS2_PLACEMENT_3D('',#305,#306,#307);
#305 = CARTESIAN_POINT('',(73.,70.5,3.));
#306 = DIRECTION('',(0.,0.,1.));
#307 = DIRECTION('',(1.,0.,-0.));
#308 = DEFINITIONAL_REPRESENTATION('',(#309),#313);
#309 = LINE('',#310,#311);
#310 = CARTESIAN_POINT('',(-1.570796326795,49.));
#311 = VECTOR('',#312,1.);
#312 = DIRECTION('',(1.,0.));
#313 = ( GEOMETRIC_REPRESENTATION_CONTEXT(2) 
PARAMETRIC_REPRESENTATION_CONTEXT() REPRESENTATION_CONTEXT('2D SPACE',''
  ) );
#314 = ORIENTED_EDGE('',*,*,#315,.F.);
#315 = EDGE_CURVE('',#316,#287,#318,.T.);
#316 = VERTEX_POINT('',#317);
#317 = CARTESIAN_POINT('',(-73.,77.5,52.));
#318 = SURFACE_CURVE('',#319,(#323,#330),.PCURVE_S1.);
#319 = LINE('',#320,#321);
#320 = CARTESIAN_POINT('',(-80.,77.5,52.));
#321 = VECTOR('',#322,1.);
#322 = DIRECTION('',(1.,0.,0.));
#323 = PCURVE('',#44,#324);
#324 = DEFINITIONAL_REPRESENTATION('',(#325),#329);
#325 = LINE('',#326,#327);
#326 = CARTESIAN_POINT('',(0.,155.));
#327 = VECTOR('',#328,1.);
#328 = DIRECTION('',(1.,0.));
#329 = ( GEOMETRIC_REPRESENTATION_CONTEXT(2) 
PARAMETRIC_REPRESENTATION_CONTEXT() REPRESENTATION_CONTEXT('2D SPACE',''
  ) );
#330 = PCURVE('',#331,#336);
#331 = PLANE('',#332);
#332 = AXIS2_PLACEMENT_3D('',#333,#334,#335);
#333 = CARTESIAN_POINT('',(-80.,77.5,3.));
#334 = DIRECTION('',(0.,1.,0.));
#335 = DIRECTION('',(0.,0.,1.));
#336 = DEFINITIONAL_REPRESENTATION('',(#337),#341);
#337 = LINE('',#338,#339);
#338 = CARTESIAN_POINT('',(49.,0.));
#339 = VECTOR('',#340,1.);
#340 = DIRECTION('',(0.,1.));
#341 = ( GEOMETRIC_REPRESENTATION_CONTEXT(2) 
PARAMETRIC_REPRESENTATION_CONTEXT() REPRESENTATION_CONTEXT('2D SPACE',''
  ) );
#342 = ORIENTED_EDGE('',*,*,#343,.F.);
#343 = EDGE_CURVE('',#24,#316,#344,.T.);
#344 = SURFACE_CURVE('',#345,(#350,#361),.PCURVE_S1.);
#345 = CIRCLE('',#346,7.);
#346 = AXIS2_PLACEMENT_3D('',#347,#348,#349);
#347 = CARTESIAN_POINT('',(-73.,70.5,52.));
#348 = DIRECTION('',(-0.,-0.,-1.));
#349 = DIRECTION('',(0.,-1.,0.));
#350 = PCURVE('',#44,#351);
#351 = DEFINITIONAL_REPRESENTATION('',(#352),#360);
#352 = ( BOUNDED_CURVE() B_SPLINE_CURVE(2,(#353,#354,#355,#356,#357,#358
,#359),.UNSPECIFIED.,.T.,.F.) B_SPLINE_CURVE_WITH_KNOTS((1,2,2,2,2,1),(
    -2.094395102393,0.,2.094395102393,4.188790204786,6.28318530718,
8.377580409573),.UNSPECIFIED.) CURVE() GEOMETRIC_REPRESENTATION_ITEM() 
RATIONAL_B_SPLINE_CURVE((1.,0.5,1.,0.5,1.,0.5,1.)) REPRESENTATION_ITEM(
  '') );
#353 = CARTESIAN_POINT('',(7.,141.));
#354 = CARTESIAN_POINT('',(-5.124355652982,141.));
#355 = CARTESIAN_POINT('',(0.937822173509,151.5));
#356 = CARTESIAN_POINT('',(7.,162.));
#357 = CARTESIAN_POINT('',(13.062177826491,151.5));
#358 = CARTESIAN_POINT('',(19.124355652982,141.));
#359 = CARTESIAN_POINT('',(7.,141.));
#360 = ( GEOMETRIC_REPRESENTATION_CONTEXT(2) 
PARAMETRIC_REPRESENTATION_CONTEXT() REPRESENTATION_CONTEXT('2D SPACE',''
  ) );
#361 = PCURVE('',#126,#362);
#362 = DEFINITIONAL_REPRESENTATION('',(#363),#367);
#363 = LINE('',#364,#365);
#364 = CARTESIAN_POINT('',(1.570796326795,49.));
#365 = VECTOR('',#366,1.);
#366 = DIRECTION('',(-1.,0.));
#367 = ( GEOMETRIC_REPRESENTATION_CONTEXT(2) 
PARAMETRIC_REPRESENTATION_CONTEXT() REPRESENTATION_CONTEXT('2D SPACE',''
  ) );
#368 = FACE_BOUND('',#369,.T.);
#369 = EDGE_LOOP('',(#370));
#370 = ORIENTED_EDGE('',*,*,#371,.T.);
#371 = EDGE_CURVE('',#372,#372,#374,.T.);
#372 = VERTEX_POINT('',#373);
#373 = CARTESIAN_POINT('',(-71.4,-70.5,52.));
#374 = SURFACE_CURVE('',#375,(#380,#391),.PCURVE_S1.);
#375 = CIRCLE('',#376,1.6);
#376 = AXIS2_PLACEMENT_3D('',#377,#378,#379);
#377 = CARTESIAN_POINT('',(-73.,-70.5,52.));
#378 = DIRECTION('',(0.,0.,-1.));
#379 = DIRECTION('',(1.,0.,0.));
#380 = PCURVE('',#44,#381);
#381 = DEFINITIONAL_REPRESENTATION('',(#382),#390);
#382 = ( BOUNDED_CURVE() B_SPLINE_CURVE(2,(#383,#384,#385,#386,#387,#388
,#389),.UNSPECIFIED.,.T.,.F.) B_SPLINE_CURVE_WITH_KNOTS((1,2,2,2,2,1),(
    -2.094395102393,0.,2.094395102393,4.188790204786,6.28318530718,
8.377580409573),.UNSPECIFIED.) CURVE() GEOMETRIC_REPRESENTATION_ITEM() 
RATIONAL_B_SPLINE_CURVE((1.,0.5,1.,0.5,1.,0.5,1.)) REPRESENTATION_ITEM(
  '') );
#383 = CARTESIAN_POINT('',(8.6,7.));
#384 = CARTESIAN_POINT('',(8.6,4.22871870789));
#385 = CARTESIAN_POINT('',(6.2,5.614359353945));
#386 = CARTESIAN_POINT('',(3.8,7.));
#387 = CARTESIAN_POINT('',(6.2,8.385640646055));
#388 = CARTESIAN_POINT('',(8.6,9.77128129211));
#389 = CARTESIAN_POINT('',(8.6,7.));
#390 = ( GEOMETRIC_REPRESENTATION_CONTEXT(2) 
PARAMETRIC_REPRESENTATION_CONTEXT() REPRESENTATION_CONTEXT('2D SPACE',''
  ) );
#391 = PCURVE('',#392,#397);
#392 = CYLINDRICAL_SURFACE('',#393,1.6);
#393 = AXIS2_PLACEMENT_3D('',#394,#395,#396);
#394 = CARTESIAN_POINT('',(-73.,-70.5,0.));
#395 = DIRECTION('',(-0.,-0.,-1.));
#396 = DIRECTION('',(1.,0.,0.));
#397 = DEFINITIONAL_REPRESENTATION('',(#398),#402);
#398 = LINE('',#399,#400);
#399 = CARTESIAN_POINT('',(-6.28318530718,-52.));
#400 = VECTOR('',#401,1.);
#401 = DIRECTION('',(1.,-0.));
#402 = ( GEOMETRIC_REPRESENTATION_CONTEXT(2) 
PARAMETRIC_REPRESENTATION_CONTEXT() REPRESENTATION_CONTEXT('2D SPACE',''
  ) );
#403 = FACE_BOUND('',#404,.T.);
#404 = EDGE_LOOP('',(#405));
#405 = ORIENTED_EDGE('',*,*,#406,.T.);
#406 = EDGE_CURVE('',#407,#407,#409,.T.);
#407 = VERTEX_POINT('',#408);
#408 = CARTESIAN_POINT('',(-38.9,-51.,52.));
#409 = SURFACE_CURVE('',#410,(#415,#426),.PCURVE_S1.);
#410 = CIRCLE('',#411,6.1);
#411 = AXIS2_PLACEMENT_3D('',#412,#413,#414);
#412 = CARTESIAN_POINT('',(-45.,-51.,52.));
#413 = DIRECTION('',(0.,0.,-1.));
#414 = DIRECTION('',(1.,0.,0.));
#415 = PCURVE('',#44,#416);
#416 = DEFINITIONAL_REPRESENTATION('',(#417),#425);
#417 = ( BOUNDED_CURVE() B_SPLINE_CURVE(2,(#418,#419,#420,#421,#422,#423
,#424),.UNSPECIFIED.,.T.,.F.) B_SPLINE_CURVE_WITH_KNOTS((1,2,2,2,2,1),(
    -2.094395102393,0.,2.094395102393,4.188790204786,6.28318530718,
8.377580409573),.UNSPECIFIED.) CURVE() GEOMETRIC_REPRESENTATION_ITEM() 
RATIONAL_B_SPLINE_CURVE((1.,0.5,1.,0.5,1.,0.5,1.)) REPRESENTATION_ITEM(
  '') );
#418 = CARTESIAN_POINT('',(41.1,26.5));
#419 = CARTESIAN_POINT('',(41.1,15.93449007383));
#420 = CARTESIAN_POINT('',(31.95,21.217245036915));
#421 = CARTESIAN_POINT('',(22.8,26.5));
#422 = CARTESIAN_POINT('',(31.95,31.782754963085));
#423 = CARTESIAN_POINT('',(41.1,37.06550992617));
#424 = CARTESIAN_POINT('',(41.1,26.5));
#425 = ( GEOMETRIC_REPRESENTATION_CONTEXT(2) 
PARAMETRIC_REPRESENTATION_CONTEXT() REPRESENTATION_CONTEXT('2D SPACE',''
  ) );
#426 = PCURVE('',#427,#432);
#427 = CYLINDRICAL_SURFACE('',#428,6.1);
#428 = AXIS2_PLACEMENT_3D('',#429,#430,#431);
#429 = CARTESIAN_POINT('',(-45.,-51.,0.));
#430 = DIRECTION('',(-0.,-0.,-1.));
#431 = DIRECTION('',(1.,0.,0.));
#432 = DEFINITIONAL_REPRESENTATION('',(#433),#437);
#433 = LINE('',#434,#435);
#434 = CARTESIAN_POINT('',(-6.28318530718,-52.));
#435 = VECTOR('',#436,1.);
#436 = DIRECTION('',(1.,-0.));
#437 = ( GEOMETRIC_REPRESENTATION_CONTEXT(2) 
PARAMETRIC_REPRESENTATION_CONTEXT() REPRESENTATION_CONTEXT('2D SPACE',''
  ) );
#438 = FACE_BOUND('',#439,.T.);
#439 = EDGE_LOOP('',(#440));
#440 = ORIENTED_EDGE('',*,*,#441,.T.);
#441 = EDGE_CURVE('',#442,#442,#444,.T.);
#442 = VERTEX_POINT('',#443);
#443 = CARTESIAN_POINT('',(74.6,-70.5,52.));
#444 = SURFACE_CURVE('',#445,(#450,#461),.PCURVE_S1.);
#445 = CIRCLE('',#446,1.6);
#446 = AXIS2_PLACEMENT_3D('',#447,#448,#449);
#447 = CARTESIAN_POINT('',(73.,-70.5,52.));
#448 = DIRECTION('',(0.,0.,-1.));
#449 = DIRECTION('',(1.,0.,0.));
#450 = PCURVE('',#44,#451);
#451 = DEFINITIONAL_REPRESENTATION('',(#452),#460);
#452 = ( BOUNDED_CURVE() B_SPLINE_CURVE(2,(#453,#454,#455,#456,#457,#458
,#459),.UNSPECIFIED.,.T.,.F.) B_SPLINE_CURVE_WITH_KNOTS((1,2,2,2,2,1),(
    -2.094395102393,0.,2.094395102393,4.188790204786,6.28318530718,
8.377580409573),.UNSPECIFIED.) CURVE() GEOMETRIC_REPRESENTATION_ITEM() 
RATIONAL_B_SPLINE_CURVE((1.,0.5,1.,0.5,1.,0.5,1.)) REPRESENTATION_ITEM(
  '') );
#453 = CARTESIAN_POINT('',(154.6,7.));
#454 = CARTESIAN_POINT('',(154.6,4.22871870789));
#455 = CARTESIAN_POINT('',(152.2,5.614359353945));
#456 = CARTESIAN_POINT('',(149.8,7.));
#457 = CARTESIAN_POINT('',(152.2,8.385640646055));
#458 = CARTESIAN_POINT('',(154.6,9.77128129211));
#459 = CARTESIAN_POINT('',(154.6,7.));
#460 = ( GEOMETRIC_REPRESENTATION_CONTEXT(2) 
PARAMETRIC_REPRESENTATION_CONTEXT() REPRESENTATION_CONTEXT('2D SPACE',''
  ) );
#461 = PCURVE('',#462,#467);
#462 = CYLINDRICAL_SURFACE('',#463,1.6);
#463 = AXIS2_PLACEMENT_3D('',#464,#465,#466);
#464 = CARTESIAN_POINT('',(73.,-70.5,0.));
#465 = DIRECTION('',(-0.,-0.,-1.));
#466 = DIRECTION('',(1.,0.,0.));
#467 = DEFINITIONAL_REPRESENTATION('',(#468),#472);
#468 = LINE('',#469,#470);
#469 = CARTESIAN_POINT('',(-6.28318530718,-52.));
#470 = VECTOR('',#471,1.);
#471 = DIRECTION('',(1.,-0.));
#472 = ( GEOMETRIC_REPRESENTATION_CONTEXT(2) 
PARAMETRIC_REPRESENTATION_CONTEXT() REPRESENTATION_CONTEXT('2D SPACE',''
  ) );
#473 = FACE_BOUND('',#474,.T.);
#474 = EDGE_LOOP('',(#475));
#475 = ORIENTED_EDGE('',*,*,#476,.T.);
#476 = EDGE_CURVE('',#477,#477,#479,.T.);
#477 = VERTEX_POINT('',#478);
#478 = CARTESIAN_POINT('',(51.1,-51.,52.));
#479 = SURFACE_CURVE('',#480,(#485,#496),.PCURVE_S1.);
#480 = CIRCLE('',#481,6.1);
#481 = AXIS2_PLACEMENT_3D('',#482,#483,#484);
#482 = CARTESIAN_POINT('',(45.,-51.,52.));
#483 = DIRECTION('',(0.,0.,-1.));
#484 = DIRECTION('',(1.,0.,0.));
#485 = PCURVE('',#44,#486);
#486 = DEFINITIONAL_REPRESENTATION('',(#487),#495);
#487 = ( BOUNDED_CURVE() B_SPLINE_CURVE(2,(#488,#489,#490,#491,#492,#493
,#494),.UNSPECIFIED.,.T.,.F.) B_SPLINE_CURVE_WITH_KNOTS((1,2,2,2,2,1),(
    -2.094395102393,0.,2.094395102393,4.188790204786,6.28318530718,
8.377580409573),.UNSPECIFIED.) CURVE() GEOMETRIC_REPRESENTATION_ITEM() 
RATIONAL_B_SPLINE_CURVE((1.,0.5,1.,0.5,1.,0.5,1.)) REPRESENTATION_ITEM(
  '') );
#488 = CARTESIAN_POINT('',(131.1,26.5));
#489 = CARTESIAN_POINT('',(131.1,15.93449007383));
#490 = CARTESIAN_POINT('',(121.95,21.217245036915));
#491 = CARTESIAN_POINT('',(112.8,26.5));
#492 = CARTESIAN_POINT('',(121.95,31.782754963085));
#493 = CARTESIAN_POINT('',(131.1,37.06550992617));
#494 = CARTESIAN_POINT('',(131.1,26.5));
#495 = ( GEOMETRIC_REPRESENTATION_CONTEXT(2) 
PARAMETRIC_REPRESENTATION_CONTEXT() REPRESENTATION_CONTEXT('2D SPACE',''
  ) );
#496 = PCURVE('',#497,#502);
#497 = CYLINDRICAL_SURFACE('',#498,6.1);
#498 = AXIS2_PLACEMENT_3D('',#499,#500,#501);
#499 = CARTESIAN_POINT('',(45.,-51.,0.));
#500 = DIRECTION('',(-0.,-0.,-1.));
#501 = DIRECTION('',(1.,0.,0.));
#502 = DEFINITIONAL_REPRESENTATION('',(#503),#507);
#503 = LINE('',#504,#505);
#504 = CARTESIAN_POINT('',(-6.28318530718,-52.));
#505 = VECTOR('',#506,1.);
#506 = DIRECTION('',(1.,-0.));
#507 = ( GEOMETRIC_REPRESENTATION_CONTEXT(2) 
PARAMETRIC_REPRESENTATION_CONTEXT() REPRESENTATION_CONTEXT('2D SPACE',''
  ) );
#508 = FACE_BOUND('',#509,.T.);
#509 = EDGE_LOOP('',(#510,#538,#564,#590));
#510 = ORIENTED_EDGE('',*,*,#511,.T.);
#511 = EDGE_CURVE('',#512,#514,#516,.T.);
#512 = VERTEX_POINT('',#513);
#513 = CARTESIAN_POINT('',(55.5,60.,52.));
#514 = VERTEX_POINT('',#515);
#515 = CARTESIAN_POINT('',(55.5,-8.,52.));
#516 = SURFACE_CURVE('',#517,(#521,#527),.PCURVE_S1.);
#517 = LINE('',#518,#519);
#518 = CARTESIAN_POINT('',(55.5,-42.75,52.));
#519 = VECTOR('',#520,1.);
#520 = DIRECTION('',(0.,-1.,0.));
#521 = PCURVE('',#44,#522);
#522 = DEFINITIONAL_REPRESENTATION('',(#523),#526);
#523 = B_SPLINE_CURVE_WITH_KNOTS('',1,(#524,#525),.UNSPECIFIED.,.F.,.F.,
  (2,2),(-102.75,-34.75),.PIECEWISE_BEZIER_KNOTS.);
#524 = CARTESIAN_POINT('',(135.5,137.5));
#525 = CARTESIAN_POINT('',(135.5,69.5));
#526 = ( GEOMETRIC_REPRESENTATION_CONTEXT(2) 
PARAMETRIC_REPRESENTATION_CONTEXT() REPRESENTATION_CONTEXT('2D SPACE',''
  ) );
#527 = PCURVE('',#528,#533);
#528 = PLANE('',#529);
#529 = AXIS2_PLACEMENT_3D('',#530,#531,#532);
#530 = CARTESIAN_POINT('',(55.5,-8.,0.));
#531 = DIRECTION('',(-1.,0.,0.));
#532 = DIRECTION('',(0.,1.,0.));
#533 = DEFINITIONAL_REPRESENTATION('',(#534),#537);
#534 = B_SPLINE_CURVE_WITH_KNOTS('',1,(#535,#536),.UNSPECIFIED.,.F.,.F.,
  (2,2),(-102.75,-34.75),.PIECEWISE_BEZIER_KNOTS.);
#535 = CARTESIAN_POINT('',(68.,-52.));
#536 = CARTESIAN_POINT('',(0.,-52.));
#537 = ( GEOMETRIC_REPRESENTATION_CONTEXT(2) 
PARAMETRIC_REPRESENTATION_CONTEXT() REPRESENTATION_CONTEXT('2D SPACE',''
  ) );
#538 = ORIENTED_EDGE('',*,*,#539,.T.);
#539 = EDGE_CURVE('',#514,#540,#542,.T.);
#540 = VERTEX_POINT('',#541);
#541 = CARTESIAN_POINT('',(-55.5,-8.,52.));
#542 = SURFACE_CURVE('',#543,(#547,#553),.PCURVE_S1.);
#543 = LINE('',#544,#545);
#544 = CARTESIAN_POINT('',(-67.75,-8.,52.));
#545 = VECTOR('',#546,1.);
#546 = DIRECTION('',(-1.,0.,0.));
#547 = PCURVE('',#44,#548);
#548 = DEFINITIONAL_REPRESENTATION('',(#549),#552);
#549 = B_SPLINE_CURVE_WITH_KNOTS('',1,(#550,#551),.UNSPECIFIED.,.F.,.F.,
  (2,2),(-123.25,-12.25),.PIECEWISE_BEZIER_KNOTS.);
#550 = CARTESIAN_POINT('',(135.5,69.5));
#551 = CARTESIAN_POINT('',(24.5,69.5));
#552 = ( GEOMETRIC_REPRESENTATION_CONTEXT(2) 
PARAMETRIC_REPRESENTATION_CONTEXT() REPRESENTATION_CONTEXT('2D SPACE',''
  ) );
#553 = PCURVE('',#554,#559);
#554 = PLANE('',#555);
#555 = AXIS2_PLACEMENT_3D('',#556,#557,#558);
#556 = CARTESIAN_POINT('',(-55.5,-8.,0.));
#557 = DIRECTION('',(0.,1.,0.));
#558 = DIRECTION('',(1.,0.,0.));
#559 = DEFINITIONAL_REPRESENTATION('',(#560),#563);
#560 = B_SPLINE_CURVE_WITH_KNOTS('',1,(#561,#562),.UNSPECIFIED.,.F.,.F.,
  (2,2),(-123.25,-12.25),.PIECEWISE_BEZIER_KNOTS.);
#561 = CARTESIAN_POINT('',(111.,-52.));
#562 = CARTESIAN_POINT('',(0.,-52.));
#563 = ( GEOMETRIC_REPRESENTATION_CONTEXT(2) 
PARAMETRIC_REPRESENTATION_CONTEXT() REPRESENTATION_CONTEXT('2D SPACE',''
  ) );
#564 = ORIENTED_EDGE('',*,*,#565,.T.);
#565 = EDGE_CURVE('',#540,#566,#568,.T.);
#566 = VERTEX_POINT('',#567);
#567 = CARTESIAN_POINT('',(-55.5,60.,52.));
#568 = SURFACE_CURVE('',#569,(#573,#579),.PCURVE_S1.);
#569 = LINE('',#570,#571);
#570 = CARTESIAN_POINT('',(-55.5,-8.75,52.));
#571 = VECTOR('',#572,1.);
#572 = DIRECTION('',(-0.,1.,0.));
#573 = PCURVE('',#44,#574);
#574 = DEFINITIONAL_REPRESENTATION('',(#575),#578);
#575 = B_SPLINE_CURVE_WITH_KNOTS('',1,(#576,#577),.UNSPECIFIED.,.F.,.F.,
  (2,2),(0.75,68.75),.PIECEWISE_BEZIER_KNOTS.);
#576 = CARTESIAN_POINT('',(24.5,69.5));
#577 = CARTESIAN_POINT('',(24.5,137.5));
#578 = ( GEOMETRIC_REPRESENTATION_CONTEXT(2) 
PARAMETRIC_REPRESENTATION_CONTEXT() REPRESENTATION_CONTEXT('2D SPACE',''
  ) );
#579 = PCURVE('',#580,#585);
#580 = PLANE('',#581);
#581 = AXIS2_PLACEMENT_3D('',#582,#583,#584);
#582 = CARTESIAN_POINT('',(-55.5,60.,0.));
#583 = DIRECTION('',(1.,0.,-0.));
#584 = DIRECTION('',(0.,-1.,0.));
#585 = DEFINITIONAL_REPRESENTATION('',(#586),#589);
#586 = B_SPLINE_CURVE_WITH_KNOTS('',1,(#587,#588),.UNSPECIFIED.,.F.,.F.,
  (2,2),(0.75,68.75),.PIECEWISE_BEZIER_KNOTS.);
#587 = CARTESIAN_POINT('',(68.,-52.));
#588 = CARTESIAN_POINT('',(0.,-52.));
#589 = ( GEOMETRIC_REPRESENTATION_CONTEXT(2) 
PARAMETRIC_REPRESENTATION_CONTEXT() REPRESENTATION_CONTEXT('2D SPACE',''
  ) );
#590 = ORIENTED_EDGE('',*,*,#591,.T.);
#591 = EDGE_CURVE('',#566,#512,#592,.T.);
#592 = SURFACE_CURVE('',#593,(#597,#603),.PCURVE_S1.);
#593 = LINE('',#594,#595);
#594 = CARTESIAN_POINT('',(-12.25,60.,52.));
#595 = VECTOR('',#596,1.);
#596 = DIRECTION('',(1.,0.,-0.));
#597 = PCURVE('',#44,#598);
#598 = DEFINITIONAL_REPRESENTATION('',(#599),#602);
#599 = B_SPLINE_CURVE_WITH_KNOTS('',1,(#600,#601),.UNSPECIFIED.,.F.,.F.,
  (2,2),(-43.25,67.75),.PIECEWISE_BEZIER_KNOTS.);
#600 = CARTESIAN_POINT('',(24.5,137.5));
#601 = CARTESIAN_POINT('',(135.5,137.5));
#602 = ( GEOMETRIC_REPRESENTATION_CONTEXT(2) 
PARAMETRIC_REPRESENTATION_CONTEXT() REPRESENTATION_CONTEXT('2D SPACE',''
  ) );
#603 = PCURVE('',#604,#609);
#604 = PLANE('',#605);
#605 = AXIS2_PLACEMENT_3D('',#606,#607,#608);
#606 = CARTESIAN_POINT('',(55.5,60.,0.));
#607 = DIRECTION('',(0.,-1.,0.));
#608 = DIRECTION('',(-1.,0.,0.));
#609 = DEFINITIONAL_REPRESENTATION('',(#610),#613);
#610 = B_SPLINE_CURVE_WITH_KNOTS('',1,(#611,#612),.UNSPECIFIED.,.F.,.F.,
  (2,2),(-43.25,67.75),.PIECEWISE_BEZIER_KNOTS.);
#611 = CARTESIAN_POINT('',(111.,-52.));
#612 = CARTESIAN_POINT('',(0.,-52.));
#613 = ( GEOMETRIC_REPRESENTATION_CONTEXT(2) 
PARAMETRIC_REPRESENTATION_CONTEXT() REPRESENTATION_CONTEXT('2D SPACE',''
  ) );
#614 = FACE_BOUND('',#615,.T.);
#615 = EDGE_LOOP('',(#616));
#616 = ORIENTED_EDGE('',*,*,#617,.T.);
#617 = EDGE_CURVE('',#618,#618,#620,.T.);
#618 = VERTEX_POINT('',#619);
#619 = CARTESIAN_POINT('',(-71.4,70.5,52.));
#620 = SURFACE_CURVE('',#621,(#626,#637),.PCURVE_S1.);
#621 = CIRCLE('',#622,1.6);
#622 = AXIS2_PLACEMENT_3D('',#623,#624,#625);
#623 = CARTESIAN_POINT('',(-73.,70.5,52.));
#624 = DIRECTION('',(0.,0.,-1.));
#625 = DIRECTION('',(1.,0.,0.));
#626 = PCURVE('',#44,#627);
#627 = DEFINITIONAL_REPRESENTATION('',(#628),#636);
#628 = ( BOUNDED_CURVE() B_SPLINE_CURVE(2,(#629,#630,#631,#632,#633,#634
,#635),.UNSPECIFIED.,.T.,.F.) B_SPLINE_CURVE_WITH_KNOTS((1,2,2,2,2,1),(
    -2.094395102393,0.,2.094395102393,4.188790204786,6.28318530718,
8.377580409573),.UNSPECIFIED.) CURVE() GEOMETRIC_REPRESENTATION_ITEM() 
RATIONAL_B_SPLINE_CURVE((1.,0.5,1.,0.5,1.,0.5,1.)) REPRESENTATION_ITEM(
  '') );
#629 = CARTESIAN_POINT('',(8.6,148.));
#630 = CARTESIAN_POINT('',(8.6,145.22871870789));
#631 = CARTESIAN_POINT('',(6.2,146.61435935394));
#632 = CARTESIAN_POINT('',(3.8,148.));
#633 = CARTESIAN_POINT('',(6.2,149.38564064605));
#634 = CARTESIAN_POINT('',(8.6,150.77128129211));
#635 = CARTESIAN_POINT('',(8.6,148.));
#636 = ( GEOMETRIC_REPRESENTATION_CONTEXT(2) 
PARAMETRIC_REPRESENTATION_CONTEXT() REPRESENTATION_CONTEXT('2D SPACE',''
  ) );
#637 = PCURVE('',#638,#643);
#638 = CYLINDRICAL_SURFACE('',#639,1.6);
#639 = AXIS2_PLACEMENT_3D('',#640,#641,#642);
#640 = CARTESIAN_POINT('',(-73.,70.5,0.));
#641 = DIRECTION('',(-0.,-0.,-1.));
#642 = DIRECTION('',(1.,0.,0.));
#643 = DEFINITIONAL_REPRESENTATION('',(#644),#648);
#644 = LINE('',#645,#646);
#645 = CARTESIAN_POINT('',(-6.28318530718,-52.));
#646 = VECTOR('',#647,1.);
#647 = DIRECTION('',(1.,-0.));
#648 = ( GEOMETRIC_REPRESENTATION_CONTEXT(2) 
PARAMETRIC_REPRESENTATION_CONTEXT() REPRESENTATION_CONTEXT('2D SPACE',''
  ) );
#649 = FACE_BOUND('',#650,.T.);
#650 = EDGE_LOOP('',(#651));
#651 = ORIENTED_EDGE('',*,*,#652,.T.);
#652 = EDGE_CURVE('',#653,#653,#655,.T.);
#653 = VERTEX_POINT('',#654);
#654 = CARTESIAN_POINT('',(74.6,70.5,52.));
#655 = SURFACE_CURVE('',#656,(#661,#672),.PCURVE_S1.);
#656 = CIRCLE('',#657,1.6);
#657 = AXIS2_PLACEMENT_3D('',#658,#659,#660);
#658 = CARTESIAN_POINT('',(73.,70.5,52.));
#659 = DIRECTION('',(0.,0.,-1.));
#660 = DIRECTION('',(1.,0.,0.));
#661 = PCURVE('',#44,#662);
#662 = DEFINITIONAL_REPRESENTATION('',(#663),#671);
#663 = ( BOUNDED_CURVE() B_SPLINE_CURVE(2,(#664,#665,#666,#667,#668,#669
,#670),.UNSPECIFIED.,.T.,.F.) B_SPLINE_CURVE_WITH_KNOTS((1,2,2,2,2,1),(
    -2.094395102393,0.,2.094395102393,4.188790204786,6.28318530718,
8.377580409573),.UNSPECIFIED.) CURVE() GEOMETRIC_REPRESENTATION_ITEM() 
RATIONAL_B_SPLINE_CURVE((1.,0.5,1.,0.5,1.,0.5,1.)) REPRESENTATION_ITEM(
  '') );
#664 = CARTESIAN_POINT('',(154.6,148.));
#665 = CARTESIAN_POINT('',(154.6,145.22871870789));
#666 = CARTESIAN_POINT('',(152.2,146.61435935394));
#667 = CARTESIAN_POINT('',(149.8,148.));
#668 = CARTESIAN_POINT('',(152.2,149.38564064605));
#669 = CARTESIAN_POINT('',(154.6,150.77128129211));
#670 = CARTESIAN_POINT('',(154.6,148.));
#671 = ( GEOMETRIC_REPRESENTATION_CONTEXT(2) 
PARAMETRIC_REPRESENTATION_CONTEXT() REPRESENTATION_CONTEXT('2D SPACE',''
  ) );
#672 = PCURVE('',#673,#678);
#673 = CYLINDRICAL_SURFACE('',#674,1.6);
#674 = AXIS2_PLACEMENT_3D('',#675,#676,#677);
#675 = CARTESIAN_POINT('',(73.,70.5,0.));
#676 = DIRECTION('',(-0.,-0.,-1.));
#677 = DIRECTION('',(1.,0.,0.));
#678 = DEFINITIONAL_REPRESENTATION('',(#679),#683);
#679 = LINE('',#680,#681);
#680 = CARTESIAN_POINT('',(-6.28318530718,-52.));
#681 = VECTOR('',#682,1.);
#682 = DIRECTION('',(1.,-0.));
#683 = ( GEOMETRIC_REPRESENTATION_CONTEXT(2) 
PARAMETRIC_REPRESENTATION_CONTEXT() REPRESENTATION_CONTEXT('2D SPACE',''
  ) );
#684 = ADVANCED_FACE('',(#685),#72,.T.);
#685 = FACE_BOUND('',#686,.T.);
#686 = EDGE_LOOP('',(#687,#711,#732,#733));
#687 = ORIENTED_EDGE('',*,*,#688,.T.);
#688 = EDGE_CURVE('',#57,#689,#691,.T.);
#689 = VERTEX_POINT('',#690);
#690 = CARTESIAN_POINT('',(-73.,-77.5,3.));
#691 = SURFACE_CURVE('',#692,(#697,#704),.PCURVE_S1.);
#692 = CIRCLE('',#693,7.);
#693 = AXIS2_PLACEMENT_3D('',#694,#695,#696);
#694 = CARTESIAN_POINT('',(-73.,-70.5,3.));
#695 = DIRECTION('',(0.,0.,1.));
#696 = DIRECTION('',(0.,-1.,0.));
#697 = PCURVE('',#72,#698);
#698 = DEFINITIONAL_REPRESENTATION('',(#699),#703);
#699 = LINE('',#700,#701);
#700 = CARTESIAN_POINT('',(-4.712388980385,0.));
#701 = VECTOR('',#702,1.);
#702 = DIRECTION('',(1.,0.));
#703 = ( GEOMETRIC_REPRESENTATION_CONTEXT(2) 
PARAMETRIC_REPRESENTATION_CONTEXT() REPRESENTATION_CONTEXT('2D SPACE',''
  ) );
#704 = PCURVE('',#100,#705);
#705 = DEFINITIONAL_REPRESENTATION('',(#706),#710);
#706 = CIRCLE('',#707,7.);
#707 = AXIS2_PLACEMENT_2D('',#708,#709);
#708 = CARTESIAN_POINT('',(7.,7.));
#709 = DIRECTION('',(0.,-1.));
#710 = ( GEOMETRIC_REPRESENTATION_CONTEXT(2) 
PARAMETRIC_REPRESENTATION_CONTEXT() REPRESENTATION_CONTEXT('2D SPACE',''
  ) );
#711 = ORIENTED_EDGE('',*,*,#712,.T.);
#712 = EDGE_CURVE('',#689,#174,#713,.T.);
#713 = SURFACE_CURVE('',#714,(#718,#725),.PCURVE_S1.);
#714 = LINE('',#715,#716);
#715 = CARTESIAN_POINT('',(-73.,-77.5,3.));
#716 = VECTOR('',#717,1.);
#717 = DIRECTION('',(0.,0.,1.));
#718 = PCURVE('',#72,#719);
#719 = DEFINITIONAL_REPRESENTATION('',(#720),#724);
#720 = LINE('',#721,#722);
#721 = CARTESIAN_POINT('',(1.570796326795,0.));
#722 = VECTOR('',#723,1.);
#723 = DIRECTION('',(0.,1.));
#724 = ( GEOMETRIC_REPRESENTATION_CONTEXT(2) 
PARAMETRIC_REPRESENTATION_CONTEXT() REPRESENTATION_CONTEXT('2D SPACE',''
  ) );
#725 = PCURVE('',#213,#726);
#726 = DEFINITIONAL_REPRESENTATION('',(#727),#731);
#727 = LINE('',#728,#729);
#728 = CARTESIAN_POINT('',(0.,7.));
#729 = VECTOR('',#730,1.);
#730 = DIRECTION('',(1.,0.));
#731 = ( GEOMETRIC_REPRESENTATION_CONTEXT(2) 
PARAMETRIC_REPRESENTATION_CONTEXT() REPRESENTATION_CONTEXT('2D SPACE',''
  ) );
#732 = ORIENTED_EDGE('',*,*,#173,.F.);
#733 = ORIENTED_EDGE('',*,*,#56,.F.);
#734 = ADVANCED_FACE('',(#735),#126,.T.);
#735 = FACE_BOUND('',#736,.F.);
#736 = EDGE_LOOP('',(#737,#765,#786,#787));
#737 = ORIENTED_EDGE('',*,*,#738,.T.);
#738 = EDGE_CURVE('',#85,#739,#741,.T.);
#739 = VERTEX_POINT('',#740);
#740 = CARTESIAN_POINT('',(-73.,77.5,3.));
#741 = SURFACE_CURVE('',#742,(#747,#754),.PCURVE_S1.);
#742 = CIRCLE('',#743,7.);
#743 = AXIS2_PLACEMENT_3D('',#744,#745,#746);
#744 = CARTESIAN_POINT('',(-73.,70.5,3.));
#745 = DIRECTION('',(-0.,-0.,-1.));
#746 = DIRECTION('',(0.,-1.,0.));
#747 = PCURVE('',#126,#748);
#748 = DEFINITIONAL_REPRESENTATION('',(#749),#753);
#749 = LINE('',#750,#751);
#750 = CARTESIAN_POINT('',(1.570796326795,-0.));
#751 = VECTOR('',#752,1.);
#752 = DIRECTION('',(-1.,0.));
#753 = ( GEOMETRIC_REPRESENTATION_CONTEXT(2) 
PARAMETRIC_REPRESENTATION_CONTEXT() REPRESENTATION_CONTEXT('2D SPACE',''
  ) );
#754 = PCURVE('',#100,#755);
#755 = DEFINITIONAL_REPRESENTATION('',(#756),#764);
#756 = ( BOUNDED_CURVE() B_SPLINE_CURVE(2,(#757,#758,#759,#760,#761,#762
,#763),.UNSPECIFIED.,.T.,.F.) B_SPLINE_CURVE_WITH_KNOTS((1,2,2,2,2,1),(
    -2.094395102393,0.,2.094395102393,4.188790204786,6.28318530718,
8.377580409573),.UNSPECIFIED.) CURVE() GEOMETRIC_REPRESENTATION_ITEM() 
RATIONAL_B_SPLINE_CURVE((1.,0.5,1.,0.5,1.,0.5,1.)) REPRESENTATION_ITEM(
  '') );
#757 = CARTESIAN_POINT('',(7.,141.));
#758 = CARTESIAN_POINT('',(-5.124355652982,141.));
#759 = CARTESIAN_POINT('',(0.937822173509,151.5));
#760 = CARTESIAN_POINT('',(7.,162.));
#761 = CARTESIAN_POINT('',(13.062177826491,151.5));
#762 = CARTESIAN_POINT('',(19.124355652982,141.));
#763 = CARTESIAN_POINT('',(7.,141.));
#764 = ( GEOMETRIC_REPRESENTATION_CONTEXT(2) 
PARAMETRIC_REPRESENTATION_CONTEXT() REPRESENTATION_CONTEXT('2D SPACE',''
  ) );
#765 = ORIENTED_EDGE('',*,*,#766,.T.);
#766 = EDGE_CURVE('',#739,#316,#767,.T.);
#767 = SURFACE_CURVE('',#768,(#772,#779),.PCURVE_S1.);
#768 = LINE('',#769,#770);
#769 = CARTESIAN_POINT('',(-73.,77.5,3.));
#770 = VECTOR('',#771,1.);
#771 = DIRECTION('',(0.,0.,1.));
#772 = PCURVE('',#126,#773);
#773 = DEFINITIONAL_REPRESENTATION('',(#774),#778);
#774 = LINE('',#775,#776);
#775 = CARTESIAN_POINT('',(-1.570796326795,0.));
#776 = VECTOR('',#777,1.);
#777 = DIRECTION('',(-0.,1.));
#778 = ( GEOMETRIC_REPRESENTATION_CONTEXT(2) 
PARAMETRIC_REPRESENTATION_CONTEXT() REPRESENTATION_CONTEXT('2D SPACE',''
  ) );
#779 = PCURVE('',#331,#780);
#780 = DEFINITIONAL_REPRESENTATION('',(#781),#785);
#781 = LINE('',#782,#783);
#782 = CARTESIAN_POINT('',(0.,7.));
#783 = VECTOR('',#784,1.);
#784 = DIRECTION('',(1.,0.));
#785 = ( GEOMETRIC_REPRESENTATION_CONTEXT(2) 
PARAMETRIC_REPRESENTATION_CONTEXT() REPRESENTATION_CONTEXT('2D SPACE',''
  ) );
#786 = ORIENTED_EDGE('',*,*,#343,.F.);
#787 = ORIENTED_EDGE('',*,*,#112,.F.);
#788 = ADVANCED_FACE('',(#789,#913,#943,#1177,#1207,#1237),#100,.F.);
#789 = FACE_BOUND('',#790,.F.);
#790 = EDGE_LOOP('',(#791,#792,#793,#816,#844,#867,#891,#912));
#791 = ORIENTED_EDGE('',*,*,#84,.F.);
#792 = ORIENTED_EDGE('',*,*,#688,.T.);
#793 = ORIENTED_EDGE('',*,*,#794,.T.);
#794 = EDGE_CURVE('',#689,#795,#797,.T.);
#795 = VERTEX_POINT('',#796);
#796 = CARTESIAN_POINT('',(73.,-77.5,3.));
#797 = SURFACE_CURVE('',#798,(#802,#809),.PCURVE_S1.);
#798 = LINE('',#799,#800);
#799 = CARTESIAN_POINT('',(-80.,-77.5,3.));
#800 = VECTOR('',#801,1.);
#801 = DIRECTION('',(1.,0.,0.));
#802 = PCURVE('',#100,#803);
#803 = DEFINITIONAL_REPRESENTATION('',(#804),#808);
#804 = LINE('',#805,#806);
#805 = CARTESIAN_POINT('',(0.,0.));
#806 = VECTOR('',#807,1.);
#807 = DIRECTION('',(1.,0.));
#808 = ( GEOMETRIC_REPRESENTATION_CONTEXT(2) 
PARAMETRIC_REPRESENTATION_CONTEXT() REPRESENTATION_CONTEXT('2D SPACE',''
  ) );
#809 = PCURVE('',#213,#810);
#810 = DEFINITIONAL_REPRESENTATION('',(#811),#815);
#811 = LINE('',#812,#813);
#812 = CARTESIAN_POINT('',(0.,0.));
#813 = VECTOR('',#814,1.);
#814 = DIRECTION('',(0.,1.));
#815 = ( GEOMETRIC_REPRESENTATION_CONTEXT(2) 
PARAMETRIC_REPRESENTATION_CONTEXT() REPRESENTATION_CONTEXT('2D SPACE',''
  ) );
#816 = ORIENTED_EDGE('',*,*,#817,.F.);
#817 = EDGE_CURVE('',#818,#795,#820,.T.);
#818 = VERTEX_POINT('',#819);
#819 = CARTESIAN_POINT('',(80.,-70.5,3.));
#820 = SURFACE_CURVE('',#821,(#826,#837),.PCURVE_S1.);
#821 = CIRCLE('',#822,7.);
#822 = AXIS2_PLACEMENT_3D('',#823,#824,#825);
#823 = CARTESIAN_POINT('',(73.,-70.5,3.));
#824 = DIRECTION('',(-0.,-0.,-1.));
#825 = DIRECTION('',(0.,-1.,0.));
#826 = PCURVE('',#100,#827);
#827 = DEFINITIONAL_REPRESENTATION('',(#828),#836);
#828 = ( BOUNDED_CURVE() B_SPLINE_CURVE(2,(#829,#830,#831,#832,#833,#834
,#835),.UNSPECIFIED.,.T.,.F.) B_SPLINE_CURVE_WITH_KNOTS((1,2,2,2,2,1),(
    -2.094395102393,0.,2.094395102393,4.188790204786,6.28318530718,
8.377580409573),.UNSPECIFIED.) CURVE() GEOMETRIC_REPRESENTATION_ITEM() 
RATIONAL_B_SPLINE_CURVE((1.,0.5,1.,0.5,1.,0.5,1.)) REPRESENTATION_ITEM(
  '') );
#829 = CARTESIAN_POINT('',(153.,0.));
#830 = CARTESIAN_POINT('',(140.87564434701,0.));
#831 = CARTESIAN_POINT('',(146.9378221735,10.5));
#832 = CARTESIAN_POINT('',(153.,21.));
#833 = CARTESIAN_POINT('',(159.06217782649,10.5));
#834 = CARTESIAN_POINT('',(165.12435565298,1.06581410364E-14));
#835 = CARTESIAN_POINT('',(153.,0.));
#836 = ( GEOMETRIC_REPRESENTATION_CONTEXT(2) 
PARAMETRIC_REPRESENTATION_CONTEXT() REPRESENTATION_CONTEXT('2D SPACE',''
  ) );
#837 = PCURVE('',#246,#838);
#838 = DEFINITIONAL_REPRESENTATION('',(#839),#843);
#839 = LINE('',#840,#841);
#840 = CARTESIAN_POINT('',(4.712388980385,-0.));
#841 = VECTOR('',#842,1.);
#842 = DIRECTION('',(-1.,0.));
#843 = ( GEOMETRIC_REPRESENTATION_CONTEXT(2) 
PARAMETRIC_REPRESENTATION_CONTEXT() REPRESENTATION_CONTEXT('2D SPACE',''
  ) );
#844 = ORIENTED_EDGE('',*,*,#845,.T.);
#845 = EDGE_CURVE('',#818,#846,#848,.T.);
#846 = VERTEX_POINT('',#847);
#847 = CARTESIAN_POINT('',(80.,70.5,3.));
#848 = SURFACE_CURVE('',#849,(#853,#860),.PCURVE_S1.);
#849 = LINE('',#850,#851);
#850 = CARTESIAN_POINT('',(80.,-77.5,3.));
#851 = VECTOR('',#852,1.);
#852 = DIRECTION('',(0.,1.,0.));
#853 = PCURVE('',#100,#854);
#854 = DEFINITIONAL_REPRESENTATION('',(#855),#859);
#855 = LINE('',#856,#857);
#856 = CARTESIAN_POINT('',(160.,0.));
#857 = VECTOR('',#858,1.);
#858 = DIRECTION('',(0.,1.));
#859 = ( GEOMETRIC_REPRESENTATION_CONTEXT(2) 
PARAMETRIC_REPRESENTATION_CONTEXT() REPRESENTATION_CONTEXT('2D SPACE',''
  ) );
#860 = PCURVE('',#274,#861);
#861 = DEFINITIONAL_REPRESENTATION('',(#862),#866);
#862 = LINE('',#863,#864);
#863 = CARTESIAN_POINT('',(0.,0.));
#864 = VECTOR('',#865,1.);
#865 = DIRECTION('',(0.,-1.));
#866 = ( GEOMETRIC_REPRESENTATION_CONTEXT(2) 
PARAMETRIC_REPRESENTATION_CONTEXT() REPRESENTATION_CONTEXT('2D SPACE',''
  ) );
#867 = ORIENTED_EDGE('',*,*,#868,.T.);
#868 = EDGE_CURVE('',#846,#869,#871,.T.);
#869 = VERTEX_POINT('',#870);
#870 = CARTESIAN_POINT('',(73.,77.5,3.));
#871 = SURFACE_CURVE('',#872,(#877,#884),.PCURVE_S1.);
#872 = CIRCLE('',#873,7.);
#873 = AXIS2_PLACEMENT_3D('',#874,#875,#876);
#874 = CARTESIAN_POINT('',(73.,70.5,3.));
#875 = DIRECTION('',(0.,0.,1.));
#876 = DIRECTION('',(0.,-1.,0.));
#877 = PCURVE('',#100,#878);
#878 = DEFINITIONAL_REPRESENTATION('',(#879),#883);
#879 = CIRCLE('',#880,7.);
#880 = AXIS2_PLACEMENT_2D('',#881,#882);
#881 = CARTESIAN_POINT('',(153.,148.));
#882 = DIRECTION('',(0.,-1.));
#883 = ( GEOMETRIC_REPRESENTATION_CONTEXT(2) 
PARAMETRIC_REPRESENTATION_CONTEXT() REPRESENTATION_CONTEXT('2D SPACE',''
  ) );
#884 = PCURVE('',#303,#885);
#885 = DEFINITIONAL_REPRESENTATION('',(#886),#890);
#886 = LINE('',#887,#888);
#887 = CARTESIAN_POINT('',(-1.570796326795,0.));
#888 = VECTOR('',#889,1.);
#889 = DIRECTION('',(1.,0.));
#890 = ( GEOMETRIC_REPRESENTATION_CONTEXT(2) 
PARAMETRIC_REPRESENTATION_CONTEXT() REPRESENTATION_CONTEXT('2D SPACE',''
  ) );
#891 = ORIENTED_EDGE('',*,*,#892,.F.);
#892 = EDGE_CURVE('',#739,#869,#893,.T.);
#893 = SURFACE_CURVE('',#894,(#898,#905),.PCURVE_S1.);
#894 = LINE('',#895,#896);
#895 = CARTESIAN_POINT('',(-80.,77.5,3.));
#896 = VECTOR('',#897,1.);
#897 = DIRECTION('',(1.,0.,0.));
#898 = PCURVE('',#100,#899);
#899 = DEFINITIONAL_REPRESENTATION('',(#900),#904);
#900 = LINE('',#901,#902);
#901 = CARTESIAN_POINT('',(0.,155.));
#902 = VECTOR('',#903,1.);
#903 = DIRECTION('',(1.,0.));
#904 = ( GEOMETRIC_REPRESENTATION_CONTEXT(2) 
PARAMETRIC_REPRESENTATION_CONTEXT() REPRESENTATION_CONTEXT('2D SPACE',''
  ) );
#905 = PCURVE('',#331,#906);
#906 = DEFINITIONAL_REPRESENTATION('',(#907),#911);
#907 = LINE('',#908,#909);
#908 = CARTESIAN_POINT('',(0.,0.));
#909 = VECTOR('',#910,1.);
#910 = DIRECTION('',(0.,1.));
#911 = ( GEOMETRIC_REPRESENTATION_CONTEXT(2) 
PARAMETRIC_REPRESENTATION_CONTEXT() REPRESENTATION_CONTEXT('2D SPACE',''
  ) );
#912 = ORIENTED_EDGE('',*,*,#738,.F.);
#913 = FACE_BOUND('',#914,.F.);
#914 = EDGE_LOOP('',(#915));
#915 = ORIENTED_EDGE('',*,*,#916,.T.);
#916 = EDGE_CURVE('',#917,#917,#919,.T.);
#917 = VERTEX_POINT('',#918);
#918 = CARTESIAN_POINT('',(-71.4,-70.5,3.));
#919 = SURFACE_CURVE('',#920,(#925,#936),.PCURVE_S1.);
#920 = CIRCLE('',#921,1.6);
#921 = AXIS2_PLACEMENT_3D('',#922,#923,#924);
#922 = CARTESIAN_POINT('',(-73.,-70.5,3.));
#923 = DIRECTION('',(0.,0.,-1.));
#924 = DIRECTION('',(1.,0.,0.));
#925 = PCURVE('',#100,#926);
#926 = DEFINITIONAL_REPRESENTATION('',(#927),#935);
#927 = ( BOUNDED_CURVE() B_SPLINE_CURVE(2,(#928,#929,#930,#931,#932,#933
,#934),.UNSPECIFIED.,.T.,.F.) B_SPLINE_CURVE_WITH_KNOTS((1,2,2,2,2,1),(
    -2.094395102393,0.,2.094395102393,4.188790204786,6.28318530718,
8.377580409573),.UNSPECIFIED.) CURVE() GEOMETRIC_REPRESENTATION_ITEM() 
RATIONAL_B_SPLINE_CURVE((1.,0.5,1.,0.5,1.,0.5,1.)) REPRESENTATION_ITEM(
  '') );
#928 = CARTESIAN_POINT('',(8.6,7.));
#929 = CARTESIAN_POINT('',(8.6,4.22871870789));
#930 = CARTESIAN_POINT('',(6.2,5.614359353945));
#931 = CARTESIAN_POINT('',(3.8,7.));
#932 = CARTESIAN_POINT('',(6.2,8.385640646055));
#933 = CARTESIAN_POINT('',(8.6,9.77128129211));
#934 = CARTESIAN_POINT('',(8.6,7.));
#935 = ( GEOMETRIC_REPRESENTATION_CONTEXT(2) 
PARAMETRIC_REPRESENTATION_CONTEXT() REPRESENTATION_CONTEXT('2D SPACE',''
  ) );
#936 = PCURVE('',#392,#937);
#937 = DEFINITIONAL_REPRESENTATION('',(#938),#942);
#938 = LINE('',#939,#940);
#939 = CARTESIAN_POINT('',(-6.28318530718,-3.));
#940 = VECTOR('',#941,1.);
#941 = DIRECTION('',(1.,-0.));
#942 = ( GEOMETRIC_REPRESENTATION_CONTEXT(2) 
PARAMETRIC_REPRESENTATION_CONTEXT() REPRESENTATION_CONTEXT('2D SPACE',''
  ) );
#943 = FACE_BOUND('',#944,.F.);
#944 = EDGE_LOOP('',(#945,#974,#1003,#1030,#1063,#1090,#1123,#1150));
#945 = ORIENTED_EDGE('',*,*,#946,.F.);
#946 = EDGE_CURVE('',#947,#949,#951,.T.);
#947 = VERTEX_POINT('',#948);
#948 = CARTESIAN_POINT('',(77.,-68.43844718719,3.));
#949 = VERTEX_POINT('',#950);
#950 = CARTESIAN_POINT('',(77.,68.438447187191,3.));
#951 = SURFACE_CURVE('',#952,(#956,#963),.PCURVE_S1.);
#952 = LINE('',#953,#954);
#953 = CARTESIAN_POINT('',(77.,-76.,3.));
#954 = VECTOR('',#955,1.);
#955 = DIRECTION('',(0.,1.,0.));
#956 = PCURVE('',#100,#957);
#957 = DEFINITIONAL_REPRESENTATION('',(#958),#962);
#958 = LINE('',#959,#960);
#959 = CARTESIAN_POINT('',(157.,1.5));
#960 = VECTOR('',#961,1.);
#961 = DIRECTION('',(0.,1.));
#962 = ( GEOMETRIC_REPRESENTATION_CONTEXT(2) 
PARAMETRIC_REPRESENTATION_CONTEXT() REPRESENTATION_CONTEXT('2D SPACE',''
  ) );
#963 = PCURVE('',#964,#969);
#964 = PLANE('',#965);
#965 = AXIS2_PLACEMENT_3D('',#966,#967,#968);
#966 = CARTESIAN_POINT('',(77.,-74.5,2.9));
#967 = DIRECTION('',(1.,0.,0.));
#968 = DIRECTION('',(0.,0.,1.));
#969 = DEFINITIONAL_REPRESENTATION('',(#970),#973);
#970 = B_SPLINE_CURVE_WITH_KNOTS('',1,(#971,#972),.UNSPECIFIED.,.F.,.F.,
  (2,2),(5.5,146.5),.PIECEWISE_BEZIER_KNOTS.);
#971 = CARTESIAN_POINT('',(0.1,-4.));
#972 = CARTESIAN_POINT('',(0.1,-145.));
#973 = ( GEOMETRIC_REPRESENTATION_CONTEXT(2) 
PARAMETRIC_REPRESENTATION_CONTEXT() REPRESENTATION_CONTEXT('2D SPACE',''
  ) );
#974 = ORIENTED_EDGE('',*,*,#975,.T.);
#975 = EDGE_CURVE('',#947,#976,#978,.T.);
#976 = VERTEX_POINT('',#977);
#977 = CARTESIAN_POINT('',(70.938447187191,-74.5,3.));
#978 = SURFACE_CURVE('',#979,(#984,#991),.PCURVE_S1.);
#979 = CIRCLE('',#980,4.5);
#980 = AXIS2_PLACEMENT_3D('',#981,#982,#983);
#981 = CARTESIAN_POINT('',(73.,-70.5,3.));
#982 = DIRECTION('',(0.,0.,1.));
#983 = DIRECTION('',(1.,0.,0.));
#984 = PCURVE('',#100,#985);
#985 = DEFINITIONAL_REPRESENTATION('',(#986),#990);
#986 = CIRCLE('',#987,4.5);
#987 = AXIS2_PLACEMENT_2D('',#988,#989);
#988 = CARTESIAN_POINT('',(153.,7.));
#989 = DIRECTION('',(1.,0.));
#990 = ( GEOMETRIC_REPRESENTATION_CONTEXT(2) 
PARAMETRIC_REPRESENTATION_CONTEXT() REPRESENTATION_CONTEXT('2D SPACE',''
  ) );
#991 = PCURVE('',#992,#997);
#992 = CYLINDRICAL_SURFACE('',#993,4.5);
#993 = AXIS2_PLACEMENT_3D('',#994,#995,#996);
#994 = CARTESIAN_POINT('',(73.,-70.5,3.));
#995 = DIRECTION('',(-0.,-0.,-1.));
#996 = DIRECTION('',(1.,0.,0.));
#997 = DEFINITIONAL_REPRESENTATION('',(#998),#1002);
#998 = LINE('',#999,#1000);
#999 = CARTESIAN_POINT('',(-0.,0.));
#1000 = VECTOR('',#1001,1.);
#1001 = DIRECTION('',(-1.,0.));
#1002 = ( GEOMETRIC_REPRESENTATION_CONTEXT(2) 
PARAMETRIC_REPRESENTATION_CONTEXT() REPRESENTATION_CONTEXT('2D SPACE',''
  ) );
#1003 = ORIENTED_EDGE('',*,*,#1004,.T.);
#1004 = EDGE_CURVE('',#976,#1005,#1007,.T.);
#1005 = VERTEX_POINT('',#1006);
#1006 = CARTESIAN_POINT('',(-70.93844718719,-74.5,3.));
#1007 = SURFACE_CURVE('',#1008,(#1012,#1019),.PCURVE_S1.);
#1008 = LINE('',#1009,#1010);
#1009 = CARTESIAN_POINT('',(-78.5,-74.5,3.));
#1010 = VECTOR('',#1011,1.);
#1011 = DIRECTION('',(-1.,0.,0.));
#1012 = PCURVE('',#100,#1013);
#1013 = DEFINITIONAL_REPRESENTATION('',(#1014),#1018);
#1014 = LINE('',#1015,#1016);
#1015 = CARTESIAN_POINT('',(1.5,3.));
#1016 = VECTOR('',#1017,1.);
#1017 = DIRECTION('',(-1.,0.));
#1018 = ( GEOMETRIC_REPRESENTATION_CONTEXT(2) 
PARAMETRIC_REPRESENTATION_CONTEXT() REPRESENTATION_CONTEXT('2D SPACE',''
  ) );
#1019 = PCURVE('',#1020,#1025);
#1020 = PLANE('',#1021);
#1021 = AXIS2_PLACEMENT_3D('',#1022,#1023,#1024);
#1022 = CARTESIAN_POINT('',(-77.,-74.5,2.9));
#1023 = DIRECTION('',(0.,1.,0.));
#1024 = DIRECTION('',(0.,0.,1.));
#1025 = DEFINITIONAL_REPRESENTATION('',(#1026),#1029);
#1026 = B_SPLINE_CURVE_WITH_KNOTS('',1,(#1027,#1028),.UNSPECIFIED.,.F.,
  .F.,(2,2),(-151.5,-5.5),.PIECEWISE_BEZIER_KNOTS.);
#1027 = CARTESIAN_POINT('',(0.1,150.));
#1028 = CARTESIAN_POINT('',(0.1,4.));
#1029 = ( GEOMETRIC_REPRESENTATION_CONTEXT(2) 
PARAMETRIC_REPRESENTATION_CONTEXT() REPRESENTATION_CONTEXT('2D SPACE',''
  ) );
#1030 = ORIENTED_EDGE('',*,*,#1031,.F.);
#1031 = EDGE_CURVE('',#1032,#1005,#1034,.T.);
#1032 = VERTEX_POINT('',#1033);
#1033 = CARTESIAN_POINT('',(-77.,-68.43844718719,3.));
#1034 = SURFACE_CURVE('',#1035,(#1040,#1051),.PCURVE_S1.);
#1035 = CIRCLE('',#1036,4.5);
#1036 = AXIS2_PLACEMENT_3D('',#1037,#1038,#1039);
#1037 = CARTESIAN_POINT('',(-73.,-70.5,3.));
#1038 = DIRECTION('',(0.,0.,-1.));
#1039 = DIRECTION('',(-0.888888888889,0.458122847291,0.));
#1040 = PCURVE('',#100,#1041);
#1041 = DEFINITIONAL_REPRESENTATION('',(#1042),#1050);
#1042 = ( BOUNDED_CURVE() B_SPLINE_CURVE(2,(#1043,#1044,#1045,#1046,
#1047,#1048,#1049),.UNSPECIFIED.,.T.,.F.) B_SPLINE_CURVE_WITH_KNOTS((1,2
    ,2,2,2,1),(-2.094395102393,0.,2.094395102393,4.188790204786,
6.28318530718,8.377580409573),.UNSPECIFIED.) CURVE() 
GEOMETRIC_REPRESENTATION_ITEM() RATIONAL_B_SPLINE_CURVE((1.,0.5,1.,0.5,
1.,0.5,1.)) REPRESENTATION_ITEM('') );
#1043 = CARTESIAN_POINT('',(3.,9.061552812809));
#1044 = CARTESIAN_POINT('',(6.570714214271,15.989756043084));
#1045 = CARTESIAN_POINT('',(10.785357107136,9.433325208733));
#1046 = CARTESIAN_POINT('',(15.,2.876894374382));
#1047 = CARTESIAN_POINT('',(7.214642892864,2.505121978458));
#1048 = CARTESIAN_POINT('',(-0.570714214271,2.133349582533));
#1049 = CARTESIAN_POINT('',(3.,9.061552812809));
#1050 = ( GEOMETRIC_REPRESENTATION_CONTEXT(2) 
PARAMETRIC_REPRESENTATION_CONTEXT() REPRESENTATION_CONTEXT('2D SPACE',''
  ) );
#1051 = PCURVE('',#1052,#1057);
#1052 = CYLINDRICAL_SURFACE('',#1053,4.5);
#1053 = AXIS2_PLACEMENT_3D('',#1054,#1055,#1056);
#1054 = CARTESIAN_POINT('',(-73.,-70.5,3.));
#1055 = DIRECTION('',(-0.,-0.,-1.));
#1056 = DIRECTION('',(1.,0.,0.));
#1057 = DEFINITIONAL_REPRESENTATION('',(#1058),#1062);
#1058 = LINE('',#1059,#1060);
#1059 = CARTESIAN_POINT('',(-8.948895711109,0.));
#1060 = VECTOR('',#1061,1.);
#1061 = DIRECTION('',(1.,-0.));
#1062 = ( GEOMETRIC_REPRESENTATION_CONTEXT(2) 
PARAMETRIC_REPRESENTATION_CONTEXT() REPRESENTATION_CONTEXT('2D SPACE',''
  ) );
#1063 = ORIENTED_EDGE('',*,*,#1064,.T.);
#1064 = EDGE_CURVE('',#1032,#1065,#1067,.T.);
#1065 = VERTEX_POINT('',#1066);
#1066 = CARTESIAN_POINT('',(-77.,68.438447187191,3.));
#1067 = SURFACE_CURVE('',#1068,(#1072,#1079),.PCURVE_S1.);
#1068 = LINE('',#1069,#1070);
#1069 = CARTESIAN_POINT('',(-77.,-76.,3.));
#1070 = VECTOR('',#1071,1.);
#1071 = DIRECTION('',(0.,1.,0.));
#1072 = PCURVE('',#100,#1073);
#1073 = DEFINITIONAL_REPRESENTATION('',(#1074),#1078);
#1074 = LINE('',#1075,#1076);
#1075 = CARTESIAN_POINT('',(3.,1.5));
#1076 = VECTOR('',#1077,1.);
#1077 = DIRECTION('',(0.,1.));
#1078 = ( GEOMETRIC_REPRESENTATION_CONTEXT(2) 
PARAMETRIC_REPRESENTATION_CONTEXT() REPRESENTATION_CONTEXT('2D SPACE',''
  ) );
#1079 = PCURVE('',#1080,#1085);
#1080 = PLANE('',#1081);
#1081 = AXIS2_PLACEMENT_3D('',#1082,#1083,#1084);
#1082 = CARTESIAN_POINT('',(-77.,-74.5,2.9));
#1083 = DIRECTION('',(1.,0.,0.));
#1084 = DIRECTION('',(0.,0.,1.));
#1085 = DEFINITIONAL_REPRESENTATION('',(#1086),#1089);
#1086 = B_SPLINE_CURVE_WITH_KNOTS('',1,(#1087,#1088),.UNSPECIFIED.,.F.,
  .F.,(2,2),(5.5,146.5),.PIECEWISE_BEZIER_KNOTS.);
#1087 = CARTESIAN_POINT('',(0.1,-4.));
#1088 = CARTESIAN_POINT('',(0.1,-145.));
#1089 = ( GEOMETRIC_REPRESENTATION_CONTEXT(2) 
PARAMETRIC_REPRESENTATION_CONTEXT() REPRESENTATION_CONTEXT('2D SPACE',''
  ) );
#1090 = ORIENTED_EDGE('',*,*,#1091,.F.);
#1091 = EDGE_CURVE('',#1092,#1065,#1094,.T.);
#1092 = VERTEX_POINT('',#1093);
#1093 = CARTESIAN_POINT('',(-70.93844718719,74.5,3.));
#1094 = SURFACE_CURVE('',#1095,(#1100,#1111),.PCURVE_S1.);
#1095 = CIRCLE('',#1096,4.5);
#1096 = AXIS2_PLACEMENT_3D('',#1097,#1098,#1099);
#1097 = CARTESIAN_POINT('',(-73.,70.5,3.));
#1098 = DIRECTION('',(0.,0.,-1.));
#1099 = DIRECTION('',(0.458122847291,0.888888888889,0.));
#1100 = PCURVE('',#100,#1101);
#1101 = DEFINITIONAL_REPRESENTATION('',(#1102),#1110);
#1102 = ( BOUNDED_CURVE() B_SPLINE_CURVE(2,(#1103,#1104,#1105,#1106,
#1107,#1108,#1109),.UNSPECIFIED.,.T.,.F.) B_SPLINE_CURVE_WITH_KNOTS((1,2
    ,2,2,2,1),(-2.094395102393,0.,2.094395102393,4.188790204786,
6.28318530718,8.377580409573),.UNSPECIFIED.) CURVE() 
GEOMETRIC_REPRESENTATION_ITEM() RATIONAL_B_SPLINE_CURVE((1.,0.5,1.,0.5,
1.,0.5,1.)) REPRESENTATION_ITEM('') );
#1103 = CARTESIAN_POINT('',(9.061552812809,152.));
#1104 = CARTESIAN_POINT('',(15.989756043084,148.42928578572));
#1105 = CARTESIAN_POINT('',(9.433325208734,144.21464289286));
#1106 = CARTESIAN_POINT('',(2.876894374383,140.));
#1107 = CARTESIAN_POINT('',(2.505121978458,147.78535710713));
#1108 = CARTESIAN_POINT('',(2.133349582533,155.57071421427));
#1109 = CARTESIAN_POINT('',(9.061552812809,152.));
#1110 = ( GEOMETRIC_REPRESENTATION_CONTEXT(2) 
PARAMETRIC_REPRESENTATION_CONTEXT() REPRESENTATION_CONTEXT('2D SPACE',''
  ) );
#1111 = PCURVE('',#1112,#1117);
#1112 = CYLINDRICAL_SURFACE('',#1113,4.5);
#1113 = AXIS2_PLACEMENT_3D('',#1114,#1115,#1116);
#1114 = CARTESIAN_POINT('',(-73.,70.5,3.));
#1115 = DIRECTION('',(-0.,-0.,-1.));
#1116 = DIRECTION('',(1.,0.,0.));
#1117 = DEFINITIONAL_REPRESENTATION('',(#1118),#1122);
#1118 = LINE('',#1119,#1120);
#1119 = CARTESIAN_POINT('',(-7.378099384314,0.));
#1120 = VECTOR('',#1121,1.);
#1121 = DIRECTION('',(1.,-0.));
#1122 = ( GEOMETRIC_REPRESENTATION_CONTEXT(2) 
PARAMETRIC_REPRESENTATION_CONTEXT() REPRESENTATION_CONTEXT('2D SPACE',''
  ) );
#1123 = ORIENTED_EDGE('',*,*,#1124,.F.);
#1124 = EDGE_CURVE('',#1125,#1092,#1127,.T.);
#1125 = VERTEX_POINT('',#1126);
#1126 = CARTESIAN_POINT('',(70.938447187191,74.5,3.));
#1127 = SURFACE_CURVE('',#1128,(#1132,#1139),.PCURVE_S1.);
#1128 = LINE('',#1129,#1130);
#1129 = CARTESIAN_POINT('',(-78.5,74.5,3.));
#1130 = VECTOR('',#1131,1.);
#1131 = DIRECTION('',(-1.,0.,0.));
#1132 = PCURVE('',#100,#1133);
#1133 = DEFINITIONAL_REPRESENTATION('',(#1134),#1138);
#1134 = LINE('',#1135,#1136);
#1135 = CARTESIAN_POINT('',(1.5,152.));
#1136 = VECTOR('',#1137,1.);
#1137 = DIRECTION('',(-1.,0.));
#1138 = ( GEOMETRIC_REPRESENTATION_CONTEXT(2) 
PARAMETRIC_REPRESENTATION_CONTEXT() REPRESENTATION_CONTEXT('2D SPACE',''
  ) );
#1139 = PCURVE('',#1140,#1145);
#1140 = PLANE('',#1141);
#1141 = AXIS2_PLACEMENT_3D('',#1142,#1143,#1144);
#1142 = CARTESIAN_POINT('',(-77.,74.5,2.9));
#1143 = DIRECTION('',(0.,1.,0.));
#1144 = DIRECTION('',(0.,0.,1.));
#1145 = DEFINITIONAL_REPRESENTATION('',(#1146),#1149);
#1146 = B_SPLINE_CURVE_WITH_KNOTS('',1,(#1147,#1148),.UNSPECIFIED.,.F.,
  .F.,(2,2),(-151.5,-5.5),.PIECEWISE_BEZIER_KNOTS.);
#1147 = CARTESIAN_POINT('',(0.1,150.));
#1148 = CARTESIAN_POINT('',(0.1,4.));
#1149 = ( GEOMETRIC_REPRESENTATION_CONTEXT(2) 
PARAMETRIC_REPRESENTATION_CONTEXT() REPRESENTATION_CONTEXT('2D SPACE',''
  ) );
#1150 = ORIENTED_EDGE('',*,*,#1151,.T.);
#1151 = EDGE_CURVE('',#1125,#949,#1152,.T.);
#1152 = SURFACE_CURVE('',#1153,(#1158,#1165),.PCURVE_S1.);
#1153 = CIRCLE('',#1154,4.5);
#1154 = AXIS2_PLACEMENT_3D('',#1155,#1156,#1157);
#1155 = CARTESIAN_POINT('',(73.,70.5,3.));
#1156 = DIRECTION('',(0.,0.,1.));
#1157 = DIRECTION('',(1.,0.,0.));
#1158 = PCURVE('',#100,#1159);
#1159 = DEFINITIONAL_REPRESENTATION('',(#1160),#1164);
#1160 = CIRCLE('',#1161,4.5);
#1161 = AXIS2_PLACEMENT_2D('',#1162,#1163);
#1162 = CARTESIAN_POINT('',(153.,148.));
#1163 = DIRECTION('',(1.,0.));
#1164 = ( GEOMETRIC_REPRESENTATION_CONTEXT(2) 
PARAMETRIC_REPRESENTATION_CONTEXT() REPRESENTATION_CONTEXT('2D SPACE',''
  ) );
#1165 = PCURVE('',#1166,#1171);
#1166 = CYLINDRICAL_SURFACE('',#1167,4.5);
#1167 = AXIS2_PLACEMENT_3D('',#1168,#1169,#1170);
#1168 = CARTESIAN_POINT('',(73.,70.5,3.));
#1169 = DIRECTION('',(-0.,-0.,-1.));
#1170 = DIRECTION('',(1.,0.,0.));
#1171 = DEFINITIONAL_REPRESENTATION('',(#1172),#1176);
#1172 = LINE('',#1173,#1174);
#1173 = CARTESIAN_POINT('',(-0.,0.));
#1174 = VECTOR('',#1175,1.);
#1175 = DIRECTION('',(-1.,0.));
#1176 = ( GEOMETRIC_REPRESENTATION_CONTEXT(2) 
PARAMETRIC_REPRESENTATION_CONTEXT() REPRESENTATION_CONTEXT('2D SPACE',''
  ) );
#1177 = FACE_BOUND('',#1178,.F.);
#1178 = EDGE_LOOP('',(#1179));
#1179 = ORIENTED_EDGE('',*,*,#1180,.T.);
#1180 = EDGE_CURVE('',#1181,#1181,#1183,.T.);
#1181 = VERTEX_POINT('',#1182);
#1182 = CARTESIAN_POINT('',(74.6,-70.5,3.));
#1183 = SURFACE_CURVE('',#1184,(#1189,#1200),.PCURVE_S1.);
#1184 = CIRCLE('',#1185,1.6);
#1185 = AXIS2_PLACEMENT_3D('',#1186,#1187,#1188);
#1186 = CARTESIAN_POINT('',(73.,-70.5,3.));
#1187 = DIRECTION('',(0.,0.,-1.));
#1188 = DIRECTION('',(1.,0.,0.));
#1189 = PCURVE('',#100,#1190);
#1190 = DEFINITIONAL_REPRESENTATION('',(#1191),#1199);
#1191 = ( BOUNDED_CURVE() B_SPLINE_CURVE(2,(#1192,#1193,#1194,#1195,
#1196,#1197,#1198),.UNSPECIFIED.,.T.,.F.) B_SPLINE_CURVE_WITH_KNOTS((1,2
    ,2,2,2,1),(-2.094395102393,0.,2.094395102393,4.188790204786,
6.28318530718,8.377580409573),.UNSPECIFIED.) CURVE() 
GEOMETRIC_REPRESENTATION_ITEM() RATIONAL_B_SPLINE_CURVE((1.,0.5,1.,0.5,
1.,0.5,1.)) REPRESENTATION_ITEM('') );
#1192 = CARTESIAN_POINT('',(154.6,7.));
#1193 = CARTESIAN_POINT('',(154.6,4.22871870789));
#1194 = CARTESIAN_POINT('',(152.2,5.614359353945));
#1195 = CARTESIAN_POINT('',(149.8,7.));
#1196 = CARTESIAN_POINT('',(152.2,8.385640646055));
#1197 = CARTESIAN_POINT('',(154.6,9.77128129211));
#1198 = CARTESIAN_POINT('',(154.6,7.));
#1199 = ( GEOMETRIC_REPRESENTATION_CONTEXT(2) 
PARAMETRIC_REPRESENTATION_CONTEXT() REPRESENTATION_CONTEXT('2D SPACE',''
  ) );
#1200 = PCURVE('',#462,#1201);
#1201 = DEFINITIONAL_REPRESENTATION('',(#1202),#1206);
#1202 = LINE('',#1203,#1204);
#1203 = CARTESIAN_POINT('',(-6.28318530718,-3.));
#1204 = VECTOR('',#1205,1.);
#1205 = DIRECTION('',(1.,-0.));
#1206 = ( GEOMETRIC_REPRESENTATION_CONTEXT(2) 
PARAMETRIC_REPRESENTATION_CONTEXT() REPRESENTATION_CONTEXT('2D SPACE',''
  ) );
#1207 = FACE_BOUND('',#1208,.F.);
#1208 = EDGE_LOOP('',(#1209));
#1209 = ORIENTED_EDGE('',*,*,#1210,.T.);
#1210 = EDGE_CURVE('',#1211,#1211,#1213,.T.);
#1211 = VERTEX_POINT('',#1212);
#1212 = CARTESIAN_POINT('',(-71.4,70.5,3.));
#1213 = SURFACE_CURVE('',#1214,(#1219,#1230),.PCURVE_S1.);
#1214 = CIRCLE('',#1215,1.6);
#1215 = AXIS2_PLACEMENT_3D('',#1216,#1217,#1218);
#1216 = CARTESIAN_POINT('',(-73.,70.5,3.));
#1217 = DIRECTION('',(0.,0.,-1.));
#1218 = DIRECTION('',(1.,0.,0.));
#1219 = PCURVE('',#100,#1220);
#1220 = DEFINITIONAL_REPRESENTATION('',(#1221),#1229);
#1221 = ( BOUNDED_CURVE() B_SPLINE_CURVE(2,(#1222,#1223,#1224,#1225,
#1226,#1227,#1228),.UNSPECIFIED.,.T.,.F.) B_SPLINE_CURVE_WITH_KNOTS((1,2
    ,2,2,2,1),(-2.094395102393,0.,2.094395102393,4.188790204786,
6.28318530718,8.377580409573),.UNSPECIFIED.) CURVE() 
GEOMETRIC_REPRESENTATION_ITEM() RATIONAL_B_SPLINE_CURVE((1.,0.5,1.,0.5,
1.,0.5,1.)) REPRESENTATION_ITEM('') );
#1222 = CARTESIAN_POINT('',(8.6,148.));
#1223 = CARTESIAN_POINT('',(8.6,145.22871870789));
#1224 = CARTESIAN_POINT('',(6.2,146.61435935394));
#1225 = CARTESIAN_POINT('',(3.8,148.));
#1226 = CARTESIAN_POINT('',(6.2,149.38564064605));
#1227 = CARTESIAN_POINT('',(8.6,150.77128129211));
#1228 = CARTESIAN_POINT('',(8.6,148.));
#1229 = ( GEOMETRIC_REPRESENTATION_CONTEXT(2) 
PARAMETRIC_REPRESENTATION_CONTEXT() REPRESENTATION_CONTEXT('2D SPACE',''
  ) );
#1230 = PCURVE('',#638,#1231);
#1231 = DEFINITIONAL_REPRESENTATION('',(#1232),#1236);
#1232 = LINE('',#1233,#1234);
#1233 = CARTESIAN_POINT('',(-6.28318530718,-3.));
#1234 = VECTOR('',#1235,1.);
#1235 = DIRECTION('',(1.,-0.));
#1236 = ( GEOMETRIC_REPRESENTATION_CONTEXT(2) 
PARAMETRIC_REPRESENTATION_CONTEXT() REPRESENTATION_CONTEXT('2D SPACE',''
  ) );
#1237 = FACE_BOUND('',#1238,.F.);
#1238 = EDGE_LOOP('',(#1239));
#1239 = ORIENTED_EDGE('',*,*,#1240,.T.);
#1240 = EDGE_CURVE('',#1241,#1241,#1243,.T.);
#1241 = VERTEX_POINT('',#1242);
#1242 = CARTESIAN_POINT('',(74.6,70.5,3.));
#1243 = SURFACE_CURVE('',#1244,(#1249,#1260),.PCURVE_S1.);
#1244 = CIRCLE('',#1245,1.6);
#1245 = AXIS2_PLACEMENT_3D('',#1246,#1247,#1248);
#1246 = CARTESIAN_POINT('',(73.,70.5,3.));
#1247 = DIRECTION('',(0.,0.,-1.));
#1248 = DIRECTION('',(1.,0.,0.));
#1249 = PCURVE('',#100,#1250);
#1250 = DEFINITIONAL_REPRESENTATION('',(#1251),#1259);
#1251 = ( BOUNDED_CURVE() B_SPLINE_CURVE(2,(#1252,#1253,#1254,#1255,
#1256,#1257,#1258),.UNSPECIFIED.,.T.,.F.) B_SPLINE_CURVE_WITH_KNOTS((1,2
    ,2,2,2,1),(-2.094395102393,0.,2.094395102393,4.188790204786,
6.28318530718,8.377580409573),.UNSPECIFIED.) CURVE() 
GEOMETRIC_REPRESENTATION_ITEM() RATIONAL_B_SPLINE_CURVE((1.,0.5,1.,0.5,
1.,0.5,1.)) REPRESENTATION_ITEM('') );
#1252 = CARTESIAN_POINT('',(154.6,148.));
#1253 = CARTESIAN_POINT('',(154.6,145.22871870789));
#1254 = CARTESIAN_POINT('',(152.2,146.61435935394));
#1255 = CARTESIAN_POINT('',(149.8,148.));
#1256 = CARTESIAN_POINT('',(152.2,149.38564064605));
#1257 = CARTESIAN_POINT('',(154.6,150.77128129211));
#1258 = CARTESIAN_POINT('',(154.6,148.));
#1259 = ( GEOMETRIC_REPRESENTATION_CONTEXT(2) 
PARAMETRIC_REPRESENTATION_CONTEXT() REPRESENTATION_CONTEXT('2D SPACE',''
  ) );
#1260 = PCURVE('',#673,#1261);
#1261 = DEFINITIONAL_REPRESENTATION('',(#1262),#1266);
#1262 = LINE('',#1263,#1264);
#1263 = CARTESIAN_POINT('',(-6.28318530718,-3.));
#1264 = VECTOR('',#1265,1.);
#1265 = DIRECTION('',(1.,-0.));
#1266 = ( GEOMETRIC_REPRESENTATION_CONTEXT(2) 
PARAMETRIC_REPRESENTATION_CONTEXT() REPRESENTATION_CONTEXT('2D SPACE',''
  ) );
#1267 = ADVANCED_FACE('',(#1268),#157,.F.);
#1268 = FACE_BOUND('',#1269,.F.);
#1269 = EDGE_LOOP('',(#1270,#1294,#1315,#1316));
#1270 = ORIENTED_EDGE('',*,*,#1271,.F.);
#1271 = EDGE_CURVE('',#1272,#1272,#1274,.T.);
#1272 = VERTEX_POINT('',#1273);
#1273 = CARTESIAN_POINT('',(-77.,-8.9,16.));
#1274 = SURFACE_CURVE('',#1275,(#1280,#1287),.PCURVE_S1.);
#1275 = CIRCLE('',#1276,6.1);
#1276 = AXIS2_PLACEMENT_3D('',#1277,#1278,#1279);
#1277 = CARTESIAN_POINT('',(-77.,-15.,16.));
#1278 = DIRECTION('',(1.,0.,0.));
#1279 = DIRECTION('',(-0.,1.,0.));
#1280 = PCURVE('',#157,#1281);
#1281 = DEFINITIONAL_REPRESENTATION('',(#1282),#1286);
#1282 = LINE('',#1283,#1284);
#1283 = CARTESIAN_POINT('',(0.,-77.));
#1284 = VECTOR('',#1285,1.);
#1285 = DIRECTION('',(1.,0.));
#1286 = ( GEOMETRIC_REPRESENTATION_CONTEXT(2) 
PARAMETRIC_REPRESENTATION_CONTEXT() REPRESENTATION_CONTEXT('2D SPACE',''
  ) );
#1287 = PCURVE('',#1080,#1288);
#1288 = DEFINITIONAL_REPRESENTATION('',(#1289),#1293);
#1289 = CIRCLE('',#1290,6.1);
#1290 = AXIS2_PLACEMENT_2D('',#1291,#1292);
#1291 = CARTESIAN_POINT('',(13.1,-59.5));
#1292 = DIRECTION('',(0.,-1.));
#1293 = ( GEOMETRIC_REPRESENTATION_CONTEXT(2) 
PARAMETRIC_REPRESENTATION_CONTEXT() REPRESENTATION_CONTEXT('2D SPACE',''
  ) );
#1294 = ORIENTED_EDGE('',*,*,#1295,.T.);
#1295 = EDGE_CURVE('',#1272,#141,#1296,.T.);
#1296 = SEAM_CURVE('',#1297,(#1301,#1308),.PCURVE_S1.);
#1297 = LINE('',#1298,#1299);
#1298 = CARTESIAN_POINT('',(0.,-8.9,16.));
#1299 = VECTOR('',#1300,1.);
#1300 = DIRECTION('',(-1.,-0.,-0.));
#1301 = PCURVE('',#157,#1302);
#1302 = DEFINITIONAL_REPRESENTATION('',(#1303),#1307);
#1303 = LINE('',#1304,#1305);
#1304 = CARTESIAN_POINT('',(6.28318530718,0.));
#1305 = VECTOR('',#1306,1.);
#1306 = DIRECTION('',(0.,-1.));
#1307 = ( GEOMETRIC_REPRESENTATION_CONTEXT(2) 
PARAMETRIC_REPRESENTATION_CONTEXT() REPRESENTATION_CONTEXT('2D SPACE',''
  ) );
#1308 = PCURVE('',#157,#1309);
#1309 = DEFINITIONAL_REPRESENTATION('',(#1310),#1314);
#1310 = LINE('',#1311,#1312);
#1311 = CARTESIAN_POINT('',(0.,0.));
#1312 = VECTOR('',#1313,1.);
#1313 = DIRECTION('',(0.,-1.));
#1314 = ( GEOMETRIC_REPRESENTATION_CONTEXT(2) 
PARAMETRIC_REPRESENTATION_CONTEXT() REPRESENTATION_CONTEXT('2D SPACE',''
  ) );
#1315 = ORIENTED_EDGE('',*,*,#140,.T.);
#1316 = ORIENTED_EDGE('',*,*,#1295,.F.);
#1317 = ADVANCED_FACE('',(#1318),#213,.F.);
#1318 = FACE_BOUND('',#1319,.F.);
#1319 = EDGE_LOOP('',(#1320,#1321,#1322,#1323));
#1320 = ORIENTED_EDGE('',*,*,#794,.F.);
#1321 = ORIENTED_EDGE('',*,*,#712,.T.);
#1322 = ORIENTED_EDGE('',*,*,#197,.T.);
#1323 = ORIENTED_EDGE('',*,*,#1324,.F.);
#1324 = EDGE_CURVE('',#795,#198,#1325,.T.);
#1325 = SURFACE_CURVE('',#1326,(#1330,#1337),.PCURVE_S1.);
#1326 = LINE('',#1327,#1328);
#1327 = CARTESIAN_POINT('',(73.,-77.5,3.));
#1328 = VECTOR('',#1329,1.);
#1329 = DIRECTION('',(0.,0.,1.));
#1330 = PCURVE('',#213,#1331);
#1331 = DEFINITIONAL_REPRESENTATION('',(#1332),#1336);
#1332 = LINE('',#1333,#1334);
#1333 = CARTESIAN_POINT('',(0.,153.));
#1334 = VECTOR('',#1335,1.);
#1335 = DIRECTION('',(1.,0.));
#1336 = ( GEOMETRIC_REPRESENTATION_CONTEXT(2) 
PARAMETRIC_REPRESENTATION_CONTEXT() REPRESENTATION_CONTEXT('2D SPACE',''
  ) );
#1337 = PCURVE('',#246,#1338);
#1338 = DEFINITIONAL_REPRESENTATION('',(#1339),#1343);
#1339 = LINE('',#1340,#1341);
#1340 = CARTESIAN_POINT('',(-1.570796326795,0.));
#1341 = VECTOR('',#1342,1.);
#1342 = DIRECTION('',(-0.,1.));
#1343 = ( GEOMETRIC_REPRESENTATION_CONTEXT(2) 
PARAMETRIC_REPRESENTATION_CONTEXT() REPRESENTATION_CONTEXT('2D SPACE',''
  ) );
#1344 = ADVANCED_FACE('',(#1345,#1371,#1406),#331,.T.);
#1345 = FACE_BOUND('',#1346,.T.);
#1346 = EDGE_LOOP('',(#1347,#1348,#1349,#1350));
#1347 = ORIENTED_EDGE('',*,*,#892,.F.);
#1348 = ORIENTED_EDGE('',*,*,#766,.T.);
#1349 = ORIENTED_EDGE('',*,*,#315,.T.);
#1350 = ORIENTED_EDGE('',*,*,#1351,.F.);
#1351 = EDGE_CURVE('',#869,#287,#1352,.T.);
#1352 = SURFACE_CURVE('',#1353,(#1357,#1364),.PCURVE_S1.);
#1353 = LINE('',#1354,#1355);
#1354 = CARTESIAN_POINT('',(73.,77.5,3.));
#1355 = VECTOR('',#1356,1.);
#1356 = DIRECTION('',(0.,0.,1.));
#1357 = PCURVE('',#331,#1358);
#1358 = DEFINITIONAL_REPRESENTATION('',(#1359),#1363);
#1359 = LINE('',#1360,#1361);
#1360 = CARTESIAN_POINT('',(0.,153.));
#1361 = VECTOR('',#1362,1.);
#1362 = DIRECTION('',(1.,0.));
#1363 = ( GEOMETRIC_REPRESENTATION_CONTEXT(2) 
PARAMETRIC_REPRESENTATION_CONTEXT() REPRESENTATION_CONTEXT('2D SPACE',''
  ) );
#1364 = PCURVE('',#303,#1365);
#1365 = DEFINITIONAL_REPRESENTATION('',(#1366),#1370);
#1366 = LINE('',#1367,#1368);
#1367 = CARTESIAN_POINT('',(1.570796326795,0.));
#1368 = VECTOR('',#1369,1.);
#1369 = DIRECTION('',(0.,1.));
#1370 = ( GEOMETRIC_REPRESENTATION_CONTEXT(2) 
PARAMETRIC_REPRESENTATION_CONTEXT() REPRESENTATION_CONTEXT('2D SPACE',''
  ) );
#1371 = FACE_BOUND('',#1372,.T.);
#1372 = EDGE_LOOP('',(#1373));
#1373 = ORIENTED_EDGE('',*,*,#1374,.T.);
#1374 = EDGE_CURVE('',#1375,#1375,#1377,.T.);
#1375 = VERTEX_POINT('',#1376);
#1376 = CARTESIAN_POINT('',(4.1,77.5,16.));
#1377 = SURFACE_CURVE('',#1378,(#1383,#1394),.PCURVE_S1.);
#1378 = CIRCLE('',#1379,4.1);
#1379 = AXIS2_PLACEMENT_3D('',#1380,#1381,#1382);
#1380 = CARTESIAN_POINT('',(0.,77.5,16.));
#1381 = DIRECTION('',(0.,-1.,0.));
#1382 = DIRECTION('',(1.,0.,0.));
#1383 = PCURVE('',#331,#1384);
#1384 = DEFINITIONAL_REPRESENTATION('',(#1385),#1393);
#1385 = ( BOUNDED_CURVE() B_SPLINE_CURVE(2,(#1386,#1387,#1388,#1389,
#1390,#1391,#1392),.UNSPECIFIED.,.T.,.F.) B_SPLINE_CURVE_WITH_KNOTS((1,2
    ,2,2,2,1),(-2.094395102393,0.,2.094395102393,4.188790204786,
6.28318530718,8.377580409573),.UNSPECIFIED.) CURVE() 
GEOMETRIC_REPRESENTATION_ITEM() RATIONAL_B_SPLINE_CURVE((1.,0.5,1.,0.5,
1.,0.5,1.)) REPRESENTATION_ITEM('') );
#1386 = CARTESIAN_POINT('',(13.,84.1));
#1387 = CARTESIAN_POINT('',(20.101408311032,84.1));
#1388 = CARTESIAN_POINT('',(16.550704155516,77.95));
#1389 = CARTESIAN_POINT('',(13.,71.8));
#1390 = CARTESIAN_POINT('',(9.449295844484,77.95));
#1391 = CARTESIAN_POINT('',(5.898591688968,84.1));
#1392 = CARTESIAN_POINT('',(13.,84.1));
#1393 = ( GEOMETRIC_REPRESENTATION_CONTEXT(2) 
PARAMETRIC_REPRESENTATION_CONTEXT() REPRESENTATION_CONTEXT('2D SPACE',''
  ) );
#1394 = PCURVE('',#1395,#1400);
#1395 = CYLINDRICAL_SURFACE('',#1396,4.1);
#1396 = AXIS2_PLACEMENT_3D('',#1397,#1398,#1399);
#1397 = CARTESIAN_POINT('',(0.,0.,16.));
#1398 = DIRECTION('',(0.,-1.,0.));
#1399 = DIRECTION('',(1.,0.,0.));
#1400 = DEFINITIONAL_REPRESENTATION('',(#1401),#1405);
#1401 = LINE('',#1402,#1403);
#1402 = CARTESIAN_POINT('',(0.,-77.5));
#1403 = VECTOR('',#1404,1.);
#1404 = DIRECTION('',(1.,0.));
#1405 = ( GEOMETRIC_REPRESENTATION_CONTEXT(2) 
PARAMETRIC_REPRESENTATION_CONTEXT() REPRESENTATION_CONTEXT('2D SPACE',''
  ) );
#1406 = FACE_BOUND('',#1407,.T.);
#1407 = EDGE_LOOP('',(#1408,#1436,#1462,#1488));
#1408 = ORIENTED_EDGE('',*,*,#1409,.T.);
#1409 = EDGE_CURVE('',#1410,#1412,#1414,.T.);
#1410 = VERTEX_POINT('',#1411);
#1411 = CARTESIAN_POINT('',(20.,77.5,29.));
#1412 = VERTEX_POINT('',#1413);
#1413 = CARTESIAN_POINT('',(20.,77.5,25.));
#1414 = SURFACE_CURVE('',#1415,(#1419,#1425),.PCURVE_S1.);
#1415 = LINE('',#1416,#1417);
#1416 = CARTESIAN_POINT('',(20.,77.5,16.));
#1417 = VECTOR('',#1418,1.);
#1418 = DIRECTION('',(0.,0.,-1.));
#1419 = PCURVE('',#331,#1420);
#1420 = DEFINITIONAL_REPRESENTATION('',(#1421),#1424);
#1421 = B_SPLINE_CURVE_WITH_KNOTS('',1,(#1422,#1423),.UNSPECIFIED.,.F.,
  .F.,(2,2),(-13.,-9.),.PIECEWISE_BEZIER_KNOTS.);
#1422 = CARTESIAN_POINT('',(26.,100.));
#1423 = CARTESIAN_POINT('',(22.,100.));
#1424 = ( GEOMETRIC_REPRESENTATION_CONTEXT(2) 
PARAMETRIC_REPRESENTATION_CONTEXT() REPRESENTATION_CONTEXT('2D SPACE',''
  ) );
#1425 = PCURVE('',#1426,#1431);
#1426 = PLANE('',#1427);
#1427 = AXIS2_PLACEMENT_3D('',#1428,#1429,#1430);
#1428 = CARTESIAN_POINT('',(20.,0.,29.));
#1429 = DIRECTION('',(1.,0.,0.));
#1430 = DIRECTION('',(0.,0.,-1.));
#1431 = DEFINITIONAL_REPRESENTATION('',(#1432),#1435);
#1432 = B_SPLINE_CURVE_WITH_KNOTS('',1,(#1433,#1434),.UNSPECIFIED.,.F.,
  .F.,(2,2),(-13.,-9.),.PIECEWISE_BEZIER_KNOTS.);
#1433 = CARTESIAN_POINT('',(0.,77.5));
#1434 = CARTESIAN_POINT('',(4.,77.5));
#1435 = ( GEOMETRIC_REPRESENTATION_CONTEXT(2) 
PARAMETRIC_REPRESENTATION_CONTEXT() REPRESENTATION_CONTEXT('2D SPACE',''
  ) );
#1436 = ORIENTED_EDGE('',*,*,#1437,.T.);
#1437 = EDGE_CURVE('',#1412,#1438,#1440,.T.);
#1438 = VERTEX_POINT('',#1439);
#1439 = CARTESIAN_POINT('',(30.,77.5,25.));
#1440 = SURFACE_CURVE('',#1441,(#1445,#1451),.PCURVE_S1.);
#1441 = LINE('',#1442,#1443);
#1442 = CARTESIAN_POINT('',(-30.,77.5,25.));
#1443 = VECTOR('',#1444,1.);
#1444 = DIRECTION('',(1.,-0.,0.));
#1445 = PCURVE('',#331,#1446);
#1446 = DEFINITIONAL_REPRESENTATION('',(#1447),#1450);
#1447 = B_SPLINE_CURVE_WITH_KNOTS('',1,(#1448,#1449),.UNSPECIFIED.,.F.,
  .F.,(2,2),(50.,60.),.PIECEWISE_BEZIER_KNOTS.);
#1448 = CARTESIAN_POINT('',(22.,100.));
#1449 = CARTESIAN_POINT('',(22.,110.));
#1450 = ( GEOMETRIC_REPRESENTATION_CONTEXT(2) 
PARAMETRIC_REPRESENTATION_CONTEXT() REPRESENTATION_CONTEXT('2D SPACE',''
  ) );
#1451 = PCURVE('',#1452,#1457);
#1452 = PLANE('',#1453);
#1453 = AXIS2_PLACEMENT_3D('',#1454,#1455,#1456);
#1454 = CARTESIAN_POINT('',(20.,0.,25.));
#1455 = DIRECTION('',(-0.,0.,1.));
#1456 = DIRECTION('',(1.,0.,0.));
#1457 = DEFINITIONAL_REPRESENTATION('',(#1458),#1461);
#1458 = B_SPLINE_CURVE_WITH_KNOTS('',1,(#1459,#1460),.UNSPECIFIED.,.F.,
  .F.,(2,2),(50.,60.),.PIECEWISE_BEZIER_KNOTS.);
#1459 = CARTESIAN_POINT('',(0.,77.5));
#1460 = CARTESIAN_POINT('',(10.,77.5));
#1461 = ( GEOMETRIC_REPRESENTATION_CONTEXT(2) 
PARAMETRIC_REPRESENTATION_CONTEXT() REPRESENTATION_CONTEXT('2D SPACE',''
  ) );
#1462 = ORIENTED_EDGE('',*,*,#1463,.T.);
#1463 = EDGE_CURVE('',#1438,#1464,#1466,.T.);
#1464 = VERTEX_POINT('',#1465);
#1465 = CARTESIAN_POINT('',(30.,77.5,29.));
#1466 = SURFACE_CURVE('',#1467,(#1471,#1477),.PCURVE_S1.);
#1467 = LINE('',#1468,#1469);
#1468 = CARTESIAN_POINT('',(30.,77.5,14.));
#1469 = VECTOR('',#1470,1.);
#1470 = DIRECTION('',(0.,-0.,1.));
#1471 = PCURVE('',#331,#1472);
#1472 = DEFINITIONAL_REPRESENTATION('',(#1473),#1476);
#1473 = B_SPLINE_CURVE_WITH_KNOTS('',1,(#1474,#1475),.UNSPECIFIED.,.F.,
  .F.,(2,2),(11.,15.),.PIECEWISE_BEZIER_KNOTS.);
#1474 = CARTESIAN_POINT('',(22.,110.));
#1475 = CARTESIAN_POINT('',(26.,110.));
#1476 = ( GEOMETRIC_REPRESENTATION_CONTEXT(2) 
PARAMETRIC_REPRESENTATION_CONTEXT() REPRESENTATION_CONTEXT('2D SPACE',''
  ) );
#1477 = PCURVE('',#1478,#1483);
#1478 = PLANE('',#1479);
#1479 = AXIS2_PLACEMENT_3D('',#1480,#1481,#1482);
#1480 = CARTESIAN_POINT('',(30.,0.,25.));
#1481 = DIRECTION('',(-1.,0.,0.));
#1482 = DIRECTION('',(0.,0.,1.));
#1483 = DEFINITIONAL_REPRESENTATION('',(#1484),#1487);
#1484 = B_SPLINE_CURVE_WITH_KNOTS('',1,(#1485,#1486),.UNSPECIFIED.,.F.,
  .F.,(2,2),(11.,15.),.PIECEWISE_BEZIER_KNOTS.);
#1485 = CARTESIAN_POINT('',(0.,77.5));
#1486 = CARTESIAN_POINT('',(4.,77.5));
#1487 = ( GEOMETRIC_REPRESENTATION_CONTEXT(2) 
PARAMETRIC_REPRESENTATION_CONTEXT() REPRESENTATION_CONTEXT('2D SPACE',''
  ) );
#1488 = ORIENTED_EDGE('',*,*,#1489,.T.);
#1489 = EDGE_CURVE('',#1464,#1410,#1490,.T.);
#1490 = SURFACE_CURVE('',#1491,(#1495,#1501),.PCURVE_S1.);
#1491 = LINE('',#1492,#1493);
#1492 = CARTESIAN_POINT('',(-25.,77.5,29.));
#1493 = VECTOR('',#1494,1.);
#1494 = DIRECTION('',(-1.,0.,0.));
#1495 = PCURVE('',#331,#1496);
#1496 = DEFINITIONAL_REPRESENTATION('',(#1497),#1500);
#1497 = B_SPLINE_CURVE_WITH_KNOTS('',1,(#1498,#1499),.UNSPECIFIED.,.F.,
  .F.,(2,2),(-55.,-45.),.PIECEWISE_BEZIER_KNOTS.);
#1498 = CARTESIAN_POINT('',(26.,110.));
#1499 = CARTESIAN_POINT('',(26.,100.));
#1500 = ( GEOMETRIC_REPRESENTATION_CONTEXT(2) 
PARAMETRIC_REPRESENTATION_CONTEXT() REPRESENTATION_CONTEXT('2D SPACE',''
  ) );
#1501 = PCURVE('',#1502,#1507);
#1502 = PLANE('',#1503);
#1503 = AXIS2_PLACEMENT_3D('',#1504,#1505,#1506);
#1504 = CARTESIAN_POINT('',(30.,0.,29.));
#1505 = DIRECTION('',(-0.,-0.,-1.));
#1506 = DIRECTION('',(-1.,0.,0.));
#1507 = DEFINITIONAL_REPRESENTATION('',(#1508),#1511);
#1508 = B_SPLINE_CURVE_WITH_KNOTS('',1,(#1509,#1510),.UNSPECIFIED.,.F.,
  .F.,(2,2),(-55.,-45.),.PIECEWISE_BEZIER_KNOTS.);
#1509 = CARTESIAN_POINT('',(0.,77.5));
#1510 = CARTESIAN_POINT('',(10.,77.5));
#1511 = ( GEOMETRIC_REPRESENTATION_CONTEXT(2) 
PARAMETRIC_REPRESENTATION_CONTEXT() REPRESENTATION_CONTEXT('2D SPACE',''
  ) );
#1512 = ADVANCED_FACE('',(#1513),#246,.T.);
#1513 = FACE_BOUND('',#1514,.F.);
#1514 = EDGE_LOOP('',(#1515,#1516,#1517,#1518));
#1515 = ORIENTED_EDGE('',*,*,#817,.T.);
#1516 = ORIENTED_EDGE('',*,*,#1324,.T.);
#1517 = ORIENTED_EDGE('',*,*,#225,.F.);
#1518 = ORIENTED_EDGE('',*,*,#1519,.F.);
#1519 = EDGE_CURVE('',#818,#226,#1520,.T.);
#1520 = SURFACE_CURVE('',#1521,(#1525,#1532),.PCURVE_S1.);
#1521 = LINE('',#1522,#1523);
#1522 = CARTESIAN_POINT('',(80.,-70.5,3.));
#1523 = VECTOR('',#1524,1.);
#1524 = DIRECTION('',(0.,0.,1.));
#1525 = PCURVE('',#246,#1526);
#1526 = DEFINITIONAL_REPRESENTATION('',(#1527),#1531);
#1527 = LINE('',#1528,#1529);
#1528 = CARTESIAN_POINT('',(-0.,0.));
#1529 = VECTOR('',#1530,1.);
#1530 = DIRECTION('',(-0.,1.));
#1531 = ( GEOMETRIC_REPRESENTATION_CONTEXT(2) 
PARAMETRIC_REPRESENTATION_CONTEXT() REPRESENTATION_CONTEXT('2D SPACE',''
  ) );
#1532 = PCURVE('',#274,#1533);
#1533 = DEFINITIONAL_REPRESENTATION('',(#1534),#1538);
#1534 = LINE('',#1535,#1536);
#1535 = CARTESIAN_POINT('',(0.,-7.));
#1536 = VECTOR('',#1537,1.);
#1537 = DIRECTION('',(1.,0.));
#1538 = ( GEOMETRIC_REPRESENTATION_CONTEXT(2) 
PARAMETRIC_REPRESENTATION_CONTEXT() REPRESENTATION_CONTEXT('2D SPACE',''
  ) );
#1539 = ADVANCED_FACE('',(#1540),#303,.T.);
#1540 = FACE_BOUND('',#1541,.T.);
#1541 = EDGE_LOOP('',(#1542,#1543,#1544,#1545));
#1542 = ORIENTED_EDGE('',*,*,#868,.T.);
#1543 = ORIENTED_EDGE('',*,*,#1351,.T.);
#1544 = ORIENTED_EDGE('',*,*,#286,.F.);
#1545 = ORIENTED_EDGE('',*,*,#1546,.F.);
#1546 = EDGE_CURVE('',#846,#259,#1547,.T.);
#1547 = SURFACE_CURVE('',#1548,(#1552,#1559),.PCURVE_S1.);
#1548 = LINE('',#1549,#1550);
#1549 = CARTESIAN_POINT('',(80.,70.5,3.));
#1550 = VECTOR('',#1551,1.);
#1551 = DIRECTION('',(0.,0.,1.));
#1552 = PCURVE('',#303,#1553);
#1553 = DEFINITIONAL_REPRESENTATION('',(#1554),#1558);
#1554 = LINE('',#1555,#1556);
#1555 = CARTESIAN_POINT('',(0.,0.));
#1556 = VECTOR('',#1557,1.);
#1557 = DIRECTION('',(0.,1.));
#1558 = ( GEOMETRIC_REPRESENTATION_CONTEXT(2) 
PARAMETRIC_REPRESENTATION_CONTEXT() REPRESENTATION_CONTEXT('2D SPACE',''
  ) );
#1559 = PCURVE('',#274,#1560);
#1560 = DEFINITIONAL_REPRESENTATION('',(#1561),#1565);
#1561 = LINE('',#1562,#1563);
#1562 = CARTESIAN_POINT('',(0.,-148.));
#1563 = VECTOR('',#1564,1.);
#1564 = DIRECTION('',(1.,0.));
#1565 = ( GEOMETRIC_REPRESENTATION_CONTEXT(2) 
PARAMETRIC_REPRESENTATION_CONTEXT() REPRESENTATION_CONTEXT('2D SPACE',''
  ) );
#1566 = ADVANCED_FACE('',(#1567,#1573),#274,.T.);
#1567 = FACE_BOUND('',#1568,.T.);
#1568 = EDGE_LOOP('',(#1569,#1570,#1571,#1572));
#1569 = ORIENTED_EDGE('',*,*,#258,.F.);
#1570 = ORIENTED_EDGE('',*,*,#1519,.F.);
#1571 = ORIENTED_EDGE('',*,*,#845,.T.);
#1572 = ORIENTED_EDGE('',*,*,#1546,.T.);
#1573 = FACE_BOUND('',#1574,.T.);
#1574 = EDGE_LOOP('',(#1575));
#1575 = ORIENTED_EDGE('',*,*,#1576,.T.);
#1576 = EDGE_CURVE('',#1577,#1577,#1579,.T.);
#1577 = VERTEX_POINT('',#1578);
#1578 = CARTESIAN_POINT('',(80.,-8.9,16.));
#1579 = SURFACE_CURVE('',#1580,(#1585,#1596),.PCURVE_S1.);
#1580 = CIRCLE('',#1581,6.1);
#1581 = AXIS2_PLACEMENT_3D('',#1582,#1583,#1584);
#1582 = CARTESIAN_POINT('',(80.,-15.,16.));
#1583 = DIRECTION('',(-1.,0.,0.));
#1584 = DIRECTION('',(0.,1.,0.));
#1585 = PCURVE('',#274,#1586);
#1586 = DEFINITIONAL_REPRESENTATION('',(#1587),#1595);
#1587 = ( BOUNDED_CURVE() B_SPLINE_CURVE(2,(#1588,#1589,#1590,#1591,
#1592,#1593,#1594),.UNSPECIFIED.,.T.,.F.) B_SPLINE_CURVE_WITH_KNOTS((1,2
    ,2,2,2,1),(-2.094395102393,0.,2.094395102393,4.188790204786,
6.28318530718,8.377580409573),.UNSPECIFIED.) CURVE() 
GEOMETRIC_REPRESENTATION_ITEM() RATIONAL_B_SPLINE_CURVE((1.,0.5,1.,0.5,
1.,0.5,1.)) REPRESENTATION_ITEM('') );
#1588 = CARTESIAN_POINT('',(13.,-68.6));
#1589 = CARTESIAN_POINT('',(2.43449007383,-68.6));
#1590 = CARTESIAN_POINT('',(7.717245036915,-59.45));
#1591 = CARTESIAN_POINT('',(13.,-50.3));
#1592 = CARTESIAN_POINT('',(18.282754963085,-59.45));
#1593 = CARTESIAN_POINT('',(23.56550992617,-68.6));
#1594 = CARTESIAN_POINT('',(13.,-68.6));
#1595 = ( GEOMETRIC_REPRESENTATION_CONTEXT(2) 
PARAMETRIC_REPRESENTATION_CONTEXT() REPRESENTATION_CONTEXT('2D SPACE',''
  ) );
#1596 = PCURVE('',#1597,#1602);
#1597 = CYLINDRICAL_SURFACE('',#1598,6.1);
#1598 = AXIS2_PLACEMENT_3D('',#1599,#1600,#1601);
#1599 = CARTESIAN_POINT('',(0.,-15.,16.));
#1600 = DIRECTION('',(-1.,-0.,-0.));
#1601 = DIRECTION('',(0.,1.,0.));
#1602 = DEFINITIONAL_REPRESENTATION('',(#1603),#1607);
#1603 = LINE('',#1604,#1605);
#1604 = CARTESIAN_POINT('',(-6.28318530718,-80.));
#1605 = VECTOR('',#1606,1.);
#1606 = DIRECTION('',(1.,-0.));
#1607 = ( GEOMETRIC_REPRESENTATION_CONTEXT(2) 
PARAMETRIC_REPRESENTATION_CONTEXT() REPRESENTATION_CONTEXT('2D SPACE',''
  ) );
#1608 = ADVANCED_FACE('',(#1609),#392,.F.);
#1609 = FACE_BOUND('',#1610,.T.);
#1610 = EDGE_LOOP('',(#1611,#1612,#1633,#1634));
#1611 = ORIENTED_EDGE('',*,*,#916,.T.);
#1612 = ORIENTED_EDGE('',*,*,#1613,.T.);
#1613 = EDGE_CURVE('',#917,#372,#1614,.T.);
#1614 = SEAM_CURVE('',#1615,(#1619,#1626),.PCURVE_S1.);
#1615 = LINE('',#1616,#1617);
#1616 = CARTESIAN_POINT('',(-71.4,-70.5,0.));
#1617 = VECTOR('',#1618,1.);
#1618 = DIRECTION('',(0.,0.,1.));
#1619 = PCURVE('',#392,#1620);
#1620 = DEFINITIONAL_REPRESENTATION('',(#1621),#1625);
#1621 = LINE('',#1622,#1623);
#1622 = CARTESIAN_POINT('',(-6.28318530718,0.));
#1623 = VECTOR('',#1624,1.);
#1624 = DIRECTION('',(-0.,-1.));
#1625 = ( GEOMETRIC_REPRESENTATION_CONTEXT(2) 
PARAMETRIC_REPRESENTATION_CONTEXT() REPRESENTATION_CONTEXT('2D SPACE',''
  ) );
#1626 = PCURVE('',#392,#1627);
#1627 = DEFINITIONAL_REPRESENTATION('',(#1628),#1632);
#1628 = LINE('',#1629,#1630);
#1629 = CARTESIAN_POINT('',(-0.,0.));
#1630 = VECTOR('',#1631,1.);
#1631 = DIRECTION('',(-0.,-1.));
#1632 = ( GEOMETRIC_REPRESENTATION_CONTEXT(2) 
PARAMETRIC_REPRESENTATION_CONTEXT() REPRESENTATION_CONTEXT('2D SPACE',''
  ) );
#1633 = ORIENTED_EDGE('',*,*,#371,.F.);
#1634 = ORIENTED_EDGE('',*,*,#1613,.F.);
#1635 = ADVANCED_FACE('',(#1636),#427,.F.);
#1636 = FACE_BOUND('',#1637,.T.);
#1637 = EDGE_LOOP('',(#1638,#1671,#1692,#1693));
#1638 = ORIENTED_EDGE('',*,*,#1639,.T.);
#1639 = EDGE_CURVE('',#1640,#1640,#1642,.T.);
#1640 = VERTEX_POINT('',#1641);
#1641 = CARTESIAN_POINT('',(-38.9,-51.,49.));
#1642 = SURFACE_CURVE('',#1643,(#1648,#1655),.PCURVE_S1.);
#1643 = CIRCLE('',#1644,6.1);
#1644 = AXIS2_PLACEMENT_3D('',#1645,#1646,#1647);
#1645 = CARTESIAN_POINT('',(-45.,-51.,49.));
#1646 = DIRECTION('',(0.,0.,-1.));
#1647 = DIRECTION('',(1.,0.,0.));
#1648 = PCURVE('',#427,#1649);
#1649 = DEFINITIONAL_REPRESENTATION('',(#1650),#1654);
#1650 = LINE('',#1651,#1652);
#1651 = CARTESIAN_POINT('',(-6.28318530718,-49.));
#1652 = VECTOR('',#1653,1.);
#1653 = DIRECTION('',(1.,-0.));
#1654 = ( GEOMETRIC_REPRESENTATION_CONTEXT(2) 
PARAMETRIC_REPRESENTATION_CONTEXT() REPRESENTATION_CONTEXT('2D SPACE',''
  ) );
#1655 = PCURVE('',#1656,#1661);
#1656 = PLANE('',#1657);
#1657 = AXIS2_PLACEMENT_3D('',#1658,#1659,#1660);
#1658 = CARTESIAN_POINT('',(-77.,-74.5,49.));
#1659 = DIRECTION('',(0.,0.,1.));
#1660 = DIRECTION('',(1.,0.,0.));
#1661 = DEFINITIONAL_REPRESENTATION('',(#1662),#1670);
#1662 = ( BOUNDED_CURVE() B_SPLINE_CURVE(2,(#1663,#1664,#1665,#1666,
#1667,#1668,#1669),.UNSPECIFIED.,.T.,.F.) B_SPLINE_CURVE_WITH_KNOTS((1,2
    ,2,2,2,1),(-2.094395102393,0.,2.094395102393,4.188790204786,
6.28318530718,8.377580409573),.UNSPECIFIED.) CURVE() 
GEOMETRIC_REPRESENTATION_ITEM() RATIONAL_B_SPLINE_CURVE((1.,0.5,1.,0.5,
1.,0.5,1.)) REPRESENTATION_ITEM('') );
#1663 = CARTESIAN_POINT('',(38.1,23.5));
#1664 = CARTESIAN_POINT('',(38.1,12.93449007383));
#1665 = CARTESIAN_POINT('',(28.95,18.217245036915));
#1666 = CARTESIAN_POINT('',(19.8,23.5));
#1667 = CARTESIAN_POINT('',(28.95,28.782754963085));
#1668 = CARTESIAN_POINT('',(38.1,34.06550992617));
#1669 = CARTESIAN_POINT('',(38.1,23.5));
#1670 = ( GEOMETRIC_REPRESENTATION_CONTEXT(2) 
PARAMETRIC_REPRESENTATION_CONTEXT() REPRESENTATION_CONTEXT('2D SPACE',''
  ) );
#1671 = ORIENTED_EDGE('',*,*,#1672,.T.);
#1672 = EDGE_CURVE('',#1640,#407,#1673,.T.);
#1673 = SEAM_CURVE('',#1674,(#1678,#1685),.PCURVE_S1.);
#1674 = LINE('',#1675,#1676);
#1675 = CARTESIAN_POINT('',(-38.9,-51.,0.));
#1676 = VECTOR('',#1677,1.);
#1677 = DIRECTION('',(0.,0.,1.));
#1678 = PCURVE('',#427,#1679);
#1679 = DEFINITIONAL_REPRESENTATION('',(#1680),#1684);
#1680 = LINE('',#1681,#1682);
#1681 = CARTESIAN_POINT('',(-6.28318530718,0.));
#1682 = VECTOR('',#1683,1.);
#1683 = DIRECTION('',(-0.,-1.));
#1684 = ( GEOMETRIC_REPRESENTATION_CONTEXT(2) 
PARAMETRIC_REPRESENTATION_CONTEXT() REPRESENTATION_CONTEXT('2D SPACE',''
  ) );
#1685 = PCURVE('',#427,#1686);
#1686 = DEFINITIONAL_REPRESENTATION('',(#1687),#1691);
#1687 = LINE('',#1688,#1689);
#1688 = CARTESIAN_POINT('',(-0.,0.));
#1689 = VECTOR('',#1690,1.);
#1690 = DIRECTION('',(-0.,-1.));
#1691 = ( GEOMETRIC_REPRESENTATION_CONTEXT(2) 
PARAMETRIC_REPRESENTATION_CONTEXT() REPRESENTATION_CONTEXT('2D SPACE',''
  ) );
#1692 = ORIENTED_EDGE('',*,*,#406,.F.);
#1693 = ORIENTED_EDGE('',*,*,#1672,.F.);
#1694 = ADVANCED_FACE('',(#1695),#462,.F.);
#1695 = FACE_BOUND('',#1696,.T.);
#1696 = EDGE_LOOP('',(#1697,#1698,#1719,#1720));
#1697 = ORIENTED_EDGE('',*,*,#1180,.T.);
#1698 = ORIENTED_EDGE('',*,*,#1699,.T.);
#1699 = EDGE_CURVE('',#1181,#442,#1700,.T.);
#1700 = SEAM_CURVE('',#1701,(#1705,#1712),.PCURVE_S1.);
#1701 = LINE('',#1702,#1703);
#1702 = CARTESIAN_POINT('',(74.6,-70.5,0.));
#1703 = VECTOR('',#1704,1.);
#1704 = DIRECTION('',(0.,0.,1.));
#1705 = PCURVE('',#462,#1706);
#1706 = DEFINITIONAL_REPRESENTATION('',(#1707),#1711);
#1707 = LINE('',#1708,#1709);
#1708 = CARTESIAN_POINT('',(-6.28318530718,0.));
#1709 = VECTOR('',#1710,1.);
#1710 = DIRECTION('',(-0.,-1.));
#1711 = ( GEOMETRIC_REPRESENTATION_CONTEXT(2) 
PARAMETRIC_REPRESENTATION_CONTEXT() REPRESENTATION_CONTEXT('2D SPACE',''
  ) );
#1712 = PCURVE('',#462,#1713);
#1713 = DEFINITIONAL_REPRESENTATION('',(#1714),#1718);
#1714 = LINE('',#1715,#1716);
#1715 = CARTESIAN_POINT('',(-0.,0.));
#1716 = VECTOR('',#1717,1.);
#1717 = DIRECTION('',(-0.,-1.));
#1718 = ( GEOMETRIC_REPRESENTATION_CONTEXT(2) 
PARAMETRIC_REPRESENTATION_CONTEXT() REPRESENTATION_CONTEXT('2D SPACE',''
  ) );
#1719 = ORIENTED_EDGE('',*,*,#441,.F.);
#1720 = ORIENTED_EDGE('',*,*,#1699,.F.);
#1721 = ADVANCED_FACE('',(#1722),#497,.F.);
#1722 = FACE_BOUND('',#1723,.T.);
#1723 = EDGE_LOOP('',(#1724,#1752,#1773,#1774));
#1724 = ORIENTED_EDGE('',*,*,#1725,.T.);
#1725 = EDGE_CURVE('',#1726,#1726,#1728,.T.);
#1726 = VERTEX_POINT('',#1727);
#1727 = CARTESIAN_POINT('',(51.1,-51.,49.));
#1728 = SURFACE_CURVE('',#1729,(#1734,#1741),.PCURVE_S1.);
#1729 = CIRCLE('',#1730,6.1);
#1730 = AXIS2_PLACEMENT_3D('',#1731,#1732,#1733);
#1731 = CARTESIAN_POINT('',(45.,-51.,49.));
#1732 = DIRECTION('',(0.,0.,-1.));
#1733 = DIRECTION('',(1.,0.,0.));
#1734 = PCURVE('',#497,#1735);
#1735 = DEFINITIONAL_REPRESENTATION('',(#1736),#1740);
#1736 = LINE('',#1737,#1738);
#1737 = CARTESIAN_POINT('',(-6.28318530718,-49.));
#1738 = VECTOR('',#1739,1.);
#1739 = DIRECTION('',(1.,-0.));
#1740 = ( GEOMETRIC_REPRESENTATION_CONTEXT(2) 
PARAMETRIC_REPRESENTATION_CONTEXT() REPRESENTATION_CONTEXT('2D SPACE',''
  ) );
#1741 = PCURVE('',#1656,#1742);
#1742 = DEFINITIONAL_REPRESENTATION('',(#1743),#1751);
#1743 = ( BOUNDED_CURVE() B_SPLINE_CURVE(2,(#1744,#1745,#1746,#1747,
#1748,#1749,#1750),.UNSPECIFIED.,.T.,.F.) B_SPLINE_CURVE_WITH_KNOTS((1,2
    ,2,2,2,1),(-2.094395102393,0.,2.094395102393,4.188790204786,
6.28318530718,8.377580409573),.UNSPECIFIED.) CURVE() 
GEOMETRIC_REPRESENTATION_ITEM() RATIONAL_B_SPLINE_CURVE((1.,0.5,1.,0.5,
1.,0.5,1.)) REPRESENTATION_ITEM('') );
#1744 = CARTESIAN_POINT('',(128.1,23.5));
#1745 = CARTESIAN_POINT('',(128.1,12.93449007383));
#1746 = CARTESIAN_POINT('',(118.95,18.217245036915));
#1747 = CARTESIAN_POINT('',(109.8,23.5));
#1748 = CARTESIAN_POINT('',(118.95,28.782754963085));
#1749 = CARTESIAN_POINT('',(128.1,34.06550992617));
#1750 = CARTESIAN_POINT('',(128.1,23.5));
#1751 = ( GEOMETRIC_REPRESENTATION_CONTEXT(2) 
PARAMETRIC_REPRESENTATION_CONTEXT() REPRESENTATION_CONTEXT('2D SPACE',''
  ) );
#1752 = ORIENTED_EDGE('',*,*,#1753,.T.);
#1753 = EDGE_CURVE('',#1726,#477,#1754,.T.);
#1754 = SEAM_CURVE('',#1755,(#1759,#1766),.PCURVE_S1.);
#1755 = LINE('',#1756,#1757);
#1756 = CARTESIAN_POINT('',(51.1,-51.,0.));
#1757 = VECTOR('',#1758,1.);
#1758 = DIRECTION('',(0.,0.,1.));
#1759 = PCURVE('',#497,#1760);
#1760 = DEFINITIONAL_REPRESENTATION('',(#1761),#1765);
#1761 = LINE('',#1762,#1763);
#1762 = CARTESIAN_POINT('',(-6.28318530718,0.));
#1763 = VECTOR('',#1764,1.);
#1764 = DIRECTION('',(-0.,-1.));
#1765 = ( GEOMETRIC_REPRESENTATION_CONTEXT(2) 
PARAMETRIC_REPRESENTATION_CONTEXT() REPRESENTATION_CONTEXT('2D SPACE',''
  ) );
#1766 = PCURVE('',#497,#1767);
#1767 = DEFINITIONAL_REPRESENTATION('',(#1768),#1772);
#1768 = LINE('',#1769,#1770);
#1769 = CARTESIAN_POINT('',(-0.,0.));
#1770 = VECTOR('',#1771,1.);
#1771 = DIRECTION('',(-0.,-1.));
#1772 = ( GEOMETRIC_REPRESENTATION_CONTEXT(2) 
PARAMETRIC_REPRESENTATION_CONTEXT() REPRESENTATION_CONTEXT('2D SPACE',''
  ) );
#1773 = ORIENTED_EDGE('',*,*,#476,.F.);
#1774 = ORIENTED_EDGE('',*,*,#1753,.F.);
#1775 = ADVANCED_FACE('',(#1776),#528,.T.);
#1776 = FACE_BOUND('',#1777,.T.);
#1777 = EDGE_LOOP('',(#1778,#1801,#1822,#1823));
#1778 = ORIENTED_EDGE('',*,*,#1779,.T.);
#1779 = EDGE_CURVE('',#1780,#1782,#1784,.T.);
#1780 = VERTEX_POINT('',#1781);
#1781 = CARTESIAN_POINT('',(55.5,60.,49.));
#1782 = VERTEX_POINT('',#1783);
#1783 = CARTESIAN_POINT('',(55.5,-8.,49.));
#1784 = SURFACE_CURVE('',#1785,(#1789,#1795),.PCURVE_S1.);
#1785 = LINE('',#1786,#1787);
#1786 = CARTESIAN_POINT('',(55.5,-41.25,49.));
#1787 = VECTOR('',#1788,1.);
#1788 = DIRECTION('',(0.,-1.,0.));
#1789 = PCURVE('',#528,#1790);
#1790 = DEFINITIONAL_REPRESENTATION('',(#1791),#1794);
#1791 = B_SPLINE_CURVE_WITH_KNOTS('',1,(#1792,#1793),.UNSPECIFIED.,.F.,
  .F.,(2,2),(-101.25,-33.25),.PIECEWISE_BEZIER_KNOTS.);
#1792 = CARTESIAN_POINT('',(68.,-49.));
#1793 = CARTESIAN_POINT('',(0.,-49.));
#1794 = ( GEOMETRIC_REPRESENTATION_CONTEXT(2) 
PARAMETRIC_REPRESENTATION_CONTEXT() REPRESENTATION_CONTEXT('2D SPACE',''
  ) );
#1795 = PCURVE('',#1656,#1796);
#1796 = DEFINITIONAL_REPRESENTATION('',(#1797),#1800);
#1797 = B_SPLINE_CURVE_WITH_KNOTS('',1,(#1798,#1799),.UNSPECIFIED.,.F.,
  .F.,(2,2),(-101.25,-33.25),.PIECEWISE_BEZIER_KNOTS.);
#1798 = CARTESIAN_POINT('',(132.5,134.5));
#1799 = CARTESIAN_POINT('',(132.5,66.5));
#1800 = ( GEOMETRIC_REPRESENTATION_CONTEXT(2) 
PARAMETRIC_REPRESENTATION_CONTEXT() REPRESENTATION_CONTEXT('2D SPACE',''
  ) );
#1801 = ORIENTED_EDGE('',*,*,#1802,.T.);
#1802 = EDGE_CURVE('',#1782,#514,#1803,.T.);
#1803 = SURFACE_CURVE('',#1804,(#1808,#1815),.PCURVE_S1.);
#1804 = LINE('',#1805,#1806);
#1805 = CARTESIAN_POINT('',(55.5,-8.,0.));
#1806 = VECTOR('',#1807,1.);
#1807 = DIRECTION('',(0.,0.,1.));
#1808 = PCURVE('',#528,#1809);
#1809 = DEFINITIONAL_REPRESENTATION('',(#1810),#1814);
#1810 = LINE('',#1811,#1812);
#1811 = CARTESIAN_POINT('',(0.,0.));
#1812 = VECTOR('',#1813,1.);
#1813 = DIRECTION('',(0.,-1.));
#1814 = ( GEOMETRIC_REPRESENTATION_CONTEXT(2) 
PARAMETRIC_REPRESENTATION_CONTEXT() REPRESENTATION_CONTEXT('2D SPACE',''
  ) );
#1815 = PCURVE('',#554,#1816);
#1816 = DEFINITIONAL_REPRESENTATION('',(#1817),#1821);
#1817 = LINE('',#1818,#1819);
#1818 = CARTESIAN_POINT('',(111.,0.));
#1819 = VECTOR('',#1820,1.);
#1820 = DIRECTION('',(0.,-1.));
#1821 = ( GEOMETRIC_REPRESENTATION_CONTEXT(2) 
PARAMETRIC_REPRESENTATION_CONTEXT() REPRESENTATION_CONTEXT('2D SPACE',''
  ) );
#1822 = ORIENTED_EDGE('',*,*,#511,.F.);
#1823 = ORIENTED_EDGE('',*,*,#1824,.F.);
#1824 = EDGE_CURVE('',#1780,#512,#1825,.T.);
#1825 = SURFACE_CURVE('',#1826,(#1830,#1837),.PCURVE_S1.);
#1826 = LINE('',#1827,#1828);
#1827 = CARTESIAN_POINT('',(55.5,60.,0.));
#1828 = VECTOR('',#1829,1.);
#1829 = DIRECTION('',(0.,0.,1.));
#1830 = PCURVE('',#528,#1831);
#1831 = DEFINITIONAL_REPRESENTATION('',(#1832),#1836);
#1832 = LINE('',#1833,#1834);
#1833 = CARTESIAN_POINT('',(68.,0.));
#1834 = VECTOR('',#1835,1.);
#1835 = DIRECTION('',(0.,-1.));
#1836 = ( GEOMETRIC_REPRESENTATION_CONTEXT(2) 
PARAMETRIC_REPRESENTATION_CONTEXT() REPRESENTATION_CONTEXT('2D SPACE',''
  ) );
#1837 = PCURVE('',#604,#1838);
#1838 = DEFINITIONAL_REPRESENTATION('',(#1839),#1843);
#1839 = LINE('',#1840,#1841);
#1840 = CARTESIAN_POINT('',(0.,-0.));
#1841 = VECTOR('',#1842,1.);
#1842 = DIRECTION('',(0.,-1.));
#1843 = ( GEOMETRIC_REPRESENTATION_CONTEXT(2) 
PARAMETRIC_REPRESENTATION_CONTEXT() REPRESENTATION_CONTEXT('2D SPACE',''
  ) );
#1844 = ADVANCED_FACE('',(#1845),#604,.T.);
#1845 = FACE_BOUND('',#1846,.T.);
#1846 = EDGE_LOOP('',(#1847,#1868,#1869,#1870));
#1847 = ORIENTED_EDGE('',*,*,#1848,.T.);
#1848 = EDGE_CURVE('',#1849,#1780,#1851,.T.);
#1849 = VERTEX_POINT('',#1850);
#1850 = CARTESIAN_POINT('',(-55.5,60.,49.));
#1851 = SURFACE_CURVE('',#1852,(#1856,#1862),.PCURVE_S1.);
#1852 = LINE('',#1853,#1854);
#1853 = CARTESIAN_POINT('',(-10.75,60.,49.));
#1854 = VECTOR('',#1855,1.);
#1855 = DIRECTION('',(1.,0.,-0.));
#1856 = PCURVE('',#604,#1857);
#1857 = DEFINITIONAL_REPRESENTATION('',(#1858),#1861);
#1858 = B_SPLINE_CURVE_WITH_KNOTS('',1,(#1859,#1860),.UNSPECIFIED.,.F.,
  .F.,(2,2),(-44.75,66.25),.PIECEWISE_BEZIER_KNOTS.);
#1859 = CARTESIAN_POINT('',(111.,-49.));
#1860 = CARTESIAN_POINT('',(0.,-49.));
#1861 = ( GEOMETRIC_REPRESENTATION_CONTEXT(2) 
PARAMETRIC_REPRESENTATION_CONTEXT() REPRESENTATION_CONTEXT('2D SPACE',''
  ) );
#1862 = PCURVE('',#1656,#1863);
#1863 = DEFINITIONAL_REPRESENTATION('',(#1864),#1867);
#1864 = B_SPLINE_CURVE_WITH_KNOTS('',1,(#1865,#1866),.UNSPECIFIED.,.F.,
  .F.,(2,2),(-44.75,66.25),.PIECEWISE_BEZIER_KNOTS.);
#1865 = CARTESIAN_POINT('',(21.5,134.5));
#1866 = CARTESIAN_POINT('',(132.5,134.5));
#1867 = ( GEOMETRIC_REPRESENTATION_CONTEXT(2) 
PARAMETRIC_REPRESENTATION_CONTEXT() REPRESENTATION_CONTEXT('2D SPACE',''
  ) );
#1868 = ORIENTED_EDGE('',*,*,#1824,.T.);
#1869 = ORIENTED_EDGE('',*,*,#591,.F.);
#1870 = ORIENTED_EDGE('',*,*,#1871,.F.);
#1871 = EDGE_CURVE('',#1849,#566,#1872,.T.);
#1872 = SURFACE_CURVE('',#1873,(#1877,#1884),.PCURVE_S1.);
#1873 = LINE('',#1874,#1875);
#1874 = CARTESIAN_POINT('',(-55.5,60.,0.));
#1875 = VECTOR('',#1876,1.);
#1876 = DIRECTION('',(0.,0.,1.));
#1877 = PCURVE('',#604,#1878);
#1878 = DEFINITIONAL_REPRESENTATION('',(#1879),#1883);
#1879 = LINE('',#1880,#1881);
#1880 = CARTESIAN_POINT('',(111.,0.));
#1881 = VECTOR('',#1882,1.);
#1882 = DIRECTION('',(0.,-1.));
#1883 = ( GEOMETRIC_REPRESENTATION_CONTEXT(2) 
PARAMETRIC_REPRESENTATION_CONTEXT() REPRESENTATION_CONTEXT('2D SPACE',''
  ) );
#1884 = PCURVE('',#580,#1885);
#1885 = DEFINITIONAL_REPRESENTATION('',(#1886),#1890);
#1886 = LINE('',#1887,#1888);
#1887 = CARTESIAN_POINT('',(0.,0.));
#1888 = VECTOR('',#1889,1.);
#1889 = DIRECTION('',(0.,-1.));
#1890 = ( GEOMETRIC_REPRESENTATION_CONTEXT(2) 
PARAMETRIC_REPRESENTATION_CONTEXT() REPRESENTATION_CONTEXT('2D SPACE',''
  ) );
#1891 = ADVANCED_FACE('',(#1892),#554,.T.);
#1892 = FACE_BOUND('',#1893,.T.);
#1893 = EDGE_LOOP('',(#1894,#1915,#1936,#1937));
#1894 = ORIENTED_EDGE('',*,*,#1895,.T.);
#1895 = EDGE_CURVE('',#1782,#1896,#1898,.T.);
#1896 = VERTEX_POINT('',#1897);
#1897 = CARTESIAN_POINT('',(-55.5,-8.,49.));
#1898 = SURFACE_CURVE('',#1899,(#1903,#1909),.PCURVE_S1.);
#1899 = LINE('',#1900,#1901);
#1900 = CARTESIAN_POINT('',(-66.25,-8.,49.));
#1901 = VECTOR('',#1902,1.);
#1902 = DIRECTION('',(-1.,0.,0.));
#1903 = PCURVE('',#554,#1904);
#1904 = DEFINITIONAL_REPRESENTATION('',(#1905),#1908);
#1905 = B_SPLINE_CURVE_WITH_KNOTS('',1,(#1906,#1907),.UNSPECIFIED.,.F.,
  .F.,(2,2),(-121.75,-10.75),.PIECEWISE_BEZIER_KNOTS.);
#1906 = CARTESIAN_POINT('',(111.,-49.));
#1907 = CARTESIAN_POINT('',(0.,-49.));
#1908 = ( GEOMETRIC_REPRESENTATION_CONTEXT(2) 
PARAMETRIC_REPRESENTATION_CONTEXT() REPRESENTATION_CONTEXT('2D SPACE',''
  ) );
#1909 = PCURVE('',#1656,#1910);
#1910 = DEFINITIONAL_REPRESENTATION('',(#1911),#1914);
#1911 = B_SPLINE_CURVE_WITH_KNOTS('',1,(#1912,#1913),.UNSPECIFIED.,.F.,
  .F.,(2,2),(-121.75,-10.75),.PIECEWISE_BEZIER_KNOTS.);
#1912 = CARTESIAN_POINT('',(132.5,66.5));
#1913 = CARTESIAN_POINT('',(21.5,66.5));
#1914 = ( GEOMETRIC_REPRESENTATION_CONTEXT(2) 
PARAMETRIC_REPRESENTATION_CONTEXT() REPRESENTATION_CONTEXT('2D SPACE',''
  ) );
#1915 = ORIENTED_EDGE('',*,*,#1916,.T.);
#1916 = EDGE_CURVE('',#1896,#540,#1917,.T.);
#1917 = SURFACE_CURVE('',#1918,(#1922,#1929),.PCURVE_S1.);
#1918 = LINE('',#1919,#1920);
#1919 = CARTESIAN_POINT('',(-55.5,-8.,0.));
#1920 = VECTOR('',#1921,1.);
#1921 = DIRECTION('',(0.,0.,1.));
#1922 = PCURVE('',#554,#1923);
#1923 = DEFINITIONAL_REPRESENTATION('',(#1924),#1928);
#1924 = LINE('',#1925,#1926);
#1925 = CARTESIAN_POINT('',(0.,0.));
#1926 = VECTOR('',#1927,1.);
#1927 = DIRECTION('',(0.,-1.));
#1928 = ( GEOMETRIC_REPRESENTATION_CONTEXT(2) 
PARAMETRIC_REPRESENTATION_CONTEXT() REPRESENTATION_CONTEXT('2D SPACE',''
  ) );
#1929 = PCURVE('',#580,#1930);
#1930 = DEFINITIONAL_REPRESENTATION('',(#1931),#1935);
#1931 = LINE('',#1932,#1933);
#1932 = CARTESIAN_POINT('',(68.,0.));
#1933 = VECTOR('',#1934,1.);
#1934 = DIRECTION('',(0.,-1.));
#1935 = ( GEOMETRIC_REPRESENTATION_CONTEXT(2) 
PARAMETRIC_REPRESENTATION_CONTEXT() REPRESENTATION_CONTEXT('2D SPACE',''
  ) );
#1936 = ORIENTED_EDGE('',*,*,#539,.F.);
#1937 = ORIENTED_EDGE('',*,*,#1802,.F.);
#1938 = ADVANCED_FACE('',(#1939),#580,.T.);
#1939 = FACE_BOUND('',#1940,.T.);
#1940 = EDGE_LOOP('',(#1941,#1960,#1961,#1962));
#1941 = ORIENTED_EDGE('',*,*,#1942,.T.);
#1942 = EDGE_CURVE('',#1896,#1849,#1943,.T.);
#1943 = SURFACE_CURVE('',#1944,(#1948,#1954),.PCURVE_S1.);
#1944 = LINE('',#1945,#1946);
#1945 = CARTESIAN_POINT('',(-55.5,-7.25,49.));
#1946 = VECTOR('',#1947,1.);
#1947 = DIRECTION('',(-0.,1.,0.));
#1948 = PCURVE('',#580,#1949);
#1949 = DEFINITIONAL_REPRESENTATION('',(#1950),#1953);
#1950 = B_SPLINE_CURVE_WITH_KNOTS('',1,(#1951,#1952),.UNSPECIFIED.,.F.,
  .F.,(2,2),(-0.75,67.25),.PIECEWISE_BEZIER_KNOTS.);
#1951 = CARTESIAN_POINT('',(68.,-49.));
#1952 = CARTESIAN_POINT('',(0.,-49.));
#1953 = ( GEOMETRIC_REPRESENTATION_CONTEXT(2) 
PARAMETRIC_REPRESENTATION_CONTEXT() REPRESENTATION_CONTEXT('2D SPACE',''
  ) );
#1954 = PCURVE('',#1656,#1955);
#1955 = DEFINITIONAL_REPRESENTATION('',(#1956),#1959);
#1956 = B_SPLINE_CURVE_WITH_KNOTS('',1,(#1957,#1958),.UNSPECIFIED.,.F.,
  .F.,(2,2),(-0.75,67.25),.PIECEWISE_BEZIER_KNOTS.);
#1957 = CARTESIAN_POINT('',(21.5,66.5));
#1958 = CARTESIAN_POINT('',(21.5,134.5));
#1959 = ( GEOMETRIC_REPRESENTATION_CONTEXT(2) 
PARAMETRIC_REPRESENTATION_CONTEXT() REPRESENTATION_CONTEXT('2D SPACE',''
  ) );
#1960 = ORIENTED_EDGE('',*,*,#1871,.T.);
#1961 = ORIENTED_EDGE('',*,*,#565,.F.);
#1962 = ORIENTED_EDGE('',*,*,#1916,.F.);
#1963 = ADVANCED_FACE('',(#1964),#638,.F.);
#1964 = FACE_BOUND('',#1965,.T.);
#1965 = EDGE_LOOP('',(#1966,#1967,#1988,#1989));
#1966 = ORIENTED_EDGE('',*,*,#1210,.T.);
#1967 = ORIENTED_EDGE('',*,*,#1968,.T.);
#1968 = EDGE_CURVE('',#1211,#618,#1969,.T.);
#1969 = SEAM_CURVE('',#1970,(#1974,#1981),.PCURVE_S1.);
#1970 = LINE('',#1971,#1972);
#1971 = CARTESIAN_POINT('',(-71.4,70.5,0.));
#1972 = VECTOR('',#1973,1.);
#1973 = DIRECTION('',(0.,0.,1.));
#1974 = PCURVE('',#638,#1975);
#1975 = DEFINITIONAL_REPRESENTATION('',(#1976),#1980);
#1976 = LINE('',#1977,#1978);
#1977 = CARTESIAN_POINT('',(-6.28318530718,0.));
#1978 = VECTOR('',#1979,1.);
#1979 = DIRECTION('',(-0.,-1.));
#1980 = ( GEOMETRIC_REPRESENTATION_CONTEXT(2) 
PARAMETRIC_REPRESENTATION_CONTEXT() REPRESENTATION_CONTEXT('2D SPACE',''
  ) );
#1981 = PCURVE('',#638,#1982);
#1982 = DEFINITIONAL_REPRESENTATION('',(#1983),#1987);
#1983 = LINE('',#1984,#1985);
#1984 = CARTESIAN_POINT('',(-0.,0.));
#1985 = VECTOR('',#1986,1.);
#1986 = DIRECTION('',(-0.,-1.));
#1987 = ( GEOMETRIC_REPRESENTATION_CONTEXT(2) 
PARAMETRIC_REPRESENTATION_CONTEXT() REPRESENTATION_CONTEXT('2D SPACE',''
  ) );
#1988 = ORIENTED_EDGE('',*,*,#617,.F.);
#1989 = ORIENTED_EDGE('',*,*,#1968,.F.);
#1990 = ADVANCED_FACE('',(#1991),#673,.F.);
#1991 = FACE_BOUND('',#1992,.T.);
#1992 = EDGE_LOOP('',(#1993,#1994,#2015,#2016));
#1993 = ORIENTED_EDGE('',*,*,#1240,.T.);
#1994 = ORIENTED_EDGE('',*,*,#1995,.T.);
#1995 = EDGE_CURVE('',#1241,#653,#1996,.T.);
#1996 = SEAM_CURVE('',#1997,(#2001,#2008),.PCURVE_S1.);
#1997 = LINE('',#1998,#1999);
#1998 = CARTESIAN_POINT('',(74.6,70.5,0.));
#1999 = VECTOR('',#2000,1.);
#2000 = DIRECTION('',(0.,0.,1.));
#2001 = PCURVE('',#673,#2002);
#2002 = DEFINITIONAL_REPRESENTATION('',(#2003),#2007);
#2003 = LINE('',#2004,#2005);
#2004 = CARTESIAN_POINT('',(-6.28318530718,0.));
#2005 = VECTOR('',#2006,1.);
#2006 = DIRECTION('',(-0.,-1.));
#2007 = ( GEOMETRIC_REPRESENTATION_CONTEXT(2) 
PARAMETRIC_REPRESENTATION_CONTEXT() REPRESENTATION_CONTEXT('2D SPACE',''
  ) );
#2008 = PCURVE('',#673,#2009);
#2009 = DEFINITIONAL_REPRESENTATION('',(#2010),#2014);
#2010 = LINE('',#2011,#2012);
#2011 = CARTESIAN_POINT('',(-0.,0.));
#2012 = VECTOR('',#2013,1.);
#2013 = DIRECTION('',(-0.,-1.));
#2014 = ( GEOMETRIC_REPRESENTATION_CONTEXT(2) 
PARAMETRIC_REPRESENTATION_CONTEXT() REPRESENTATION_CONTEXT('2D SPACE',''
  ) );
#2015 = ORIENTED_EDGE('',*,*,#652,.F.);
#2016 = ORIENTED_EDGE('',*,*,#1995,.F.);
#2017 = ADVANCED_FACE('',(#2018,#2084),#964,.F.);
#2018 = FACE_BOUND('',#2019,.F.);
#2019 = EDGE_LOOP('',(#2020,#2045,#2064,#2065));
#2020 = ORIENTED_EDGE('',*,*,#2021,.F.);
#2021 = EDGE_CURVE('',#2022,#2024,#2026,.T.);
#2022 = VERTEX_POINT('',#2023);
#2023 = CARTESIAN_POINT('',(77.,-68.43844718719,49.));
#2024 = VERTEX_POINT('',#2025);
#2025 = CARTESIAN_POINT('',(77.,68.438447187191,49.));
#2026 = SURFACE_CURVE('',#2027,(#2031,#2038),.PCURVE_S1.);
#2027 = LINE('',#2028,#2029);
#2028 = CARTESIAN_POINT('',(77.,-74.5,49.));
#2029 = VECTOR('',#2030,1.);
#2030 = DIRECTION('',(0.,1.,0.));
#2031 = PCURVE('',#964,#2032);
#2032 = DEFINITIONAL_REPRESENTATION('',(#2033),#2037);
#2033 = LINE('',#2034,#2035);
#2034 = CARTESIAN_POINT('',(46.1,0.));
#2035 = VECTOR('',#2036,1.);
#2036 = DIRECTION('',(0.,-1.));
#2037 = ( GEOMETRIC_REPRESENTATION_CONTEXT(2) 
PARAMETRIC_REPRESENTATION_CONTEXT() REPRESENTATION_CONTEXT('2D SPACE',''
  ) );
#2038 = PCURVE('',#1656,#2039);
#2039 = DEFINITIONAL_REPRESENTATION('',(#2040),#2044);
#2040 = LINE('',#2041,#2042);
#2041 = CARTESIAN_POINT('',(154.,0.));
#2042 = VECTOR('',#2043,1.);
#2043 = DIRECTION('',(0.,1.));
#2044 = ( GEOMETRIC_REPRESENTATION_CONTEXT(2) 
PARAMETRIC_REPRESENTATION_CONTEXT() REPRESENTATION_CONTEXT('2D SPACE',''
  ) );
#2045 = ORIENTED_EDGE('',*,*,#2046,.T.);
#2046 = EDGE_CURVE('',#2022,#947,#2047,.T.);
#2047 = SURFACE_CURVE('',#2048,(#2052,#2058),.PCURVE_S1.);
#2048 = LINE('',#2049,#2050);
#2049 = CARTESIAN_POINT('',(77.,-68.43844718719,3.));
#2050 = VECTOR('',#2051,1.);
#2051 = DIRECTION('',(-0.,-0.,-1.));
#2052 = PCURVE('',#964,#2053);
#2053 = DEFINITIONAL_REPRESENTATION('',(#2054),#2057);
#2054 = B_SPLINE_CURVE_WITH_KNOTS('',1,(#2055,#2056),.UNSPECIFIED.,.F.,
  .F.,(2,2),(-46.0000006,5.999999999062E-07),.PIECEWISE_BEZIER_KNOTS.);
#2055 = CARTESIAN_POINT('',(46.1000006,-6.061552812809));
#2056 = CARTESIAN_POINT('',(9.99994E-02,-6.061552812809));
#2057 = ( GEOMETRIC_REPRESENTATION_CONTEXT(2) 
PARAMETRIC_REPRESENTATION_CONTEXT() REPRESENTATION_CONTEXT('2D SPACE',''
  ) );
#2058 = PCURVE('',#992,#2059);
#2059 = DEFINITIONAL_REPRESENTATION('',(#2060),#2063);
#2060 = B_SPLINE_CURVE_WITH_KNOTS('',1,(#2061,#2062),.UNSPECIFIED.,.F.,
  .F.,(2,2),(-46.0000006,5.999999999062E-07),.PIECEWISE_BEZIER_KNOTS.);
#2061 = CARTESIAN_POINT('',(-0.47588224966,-46.0000006));
#2062 = CARTESIAN_POINT('',(-0.47588224966,5.999999999062E-07));
#2063 = ( GEOMETRIC_REPRESENTATION_CONTEXT(2) 
PARAMETRIC_REPRESENTATION_CONTEXT() REPRESENTATION_CONTEXT('2D SPACE',''
  ) );
#2064 = ORIENTED_EDGE('',*,*,#946,.T.);
#2065 = ORIENTED_EDGE('',*,*,#2066,.F.);
#2066 = EDGE_CURVE('',#2024,#949,#2067,.T.);
#2067 = SURFACE_CURVE('',#2068,(#2072,#2078),.PCURVE_S1.);
#2068 = LINE('',#2069,#2070);
#2069 = CARTESIAN_POINT('',(77.,68.438447187191,3.));
#2070 = VECTOR('',#2071,1.);
#2071 = DIRECTION('',(-0.,-0.,-1.));
#2072 = PCURVE('',#964,#2073);
#2073 = DEFINITIONAL_REPRESENTATION('',(#2074),#2077);
#2074 = B_SPLINE_CURVE_WITH_KNOTS('',1,(#2075,#2076),.UNSPECIFIED.,.F.,
  .F.,(2,2),(-46.0000006,5.999999999062E-07),.PIECEWISE_BEZIER_KNOTS.);
#2075 = CARTESIAN_POINT('',(46.1000006,-142.9384471871));
#2076 = CARTESIAN_POINT('',(9.99994E-02,-142.9384471871));
#2077 = ( GEOMETRIC_REPRESENTATION_CONTEXT(2) 
PARAMETRIC_REPRESENTATION_CONTEXT() REPRESENTATION_CONTEXT('2D SPACE',''
  ) );
#2078 = PCURVE('',#1166,#2079);
#2079 = DEFINITIONAL_REPRESENTATION('',(#2080),#2083);
#2080 = B_SPLINE_CURVE_WITH_KNOTS('',1,(#2081,#2082),.UNSPECIFIED.,.F.,
  .F.,(2,2),(-46.0000006,5.999999999062E-07),.PIECEWISE_BEZIER_KNOTS.);
#2081 = CARTESIAN_POINT('',(-5.807303057519,-46.0000006));
#2082 = CARTESIAN_POINT('',(-5.807303057519,5.999999999062E-07));
#2083 = ( GEOMETRIC_REPRESENTATION_CONTEXT(2) 
PARAMETRIC_REPRESENTATION_CONTEXT() REPRESENTATION_CONTEXT('2D SPACE',''
  ) );
#2084 = FACE_BOUND('',#2085,.F.);
#2085 = EDGE_LOOP('',(#2086));
#2086 = ORIENTED_EDGE('',*,*,#2087,.T.);
#2087 = EDGE_CURVE('',#2088,#2088,#2090,.T.);
#2088 = VERTEX_POINT('',#2089);
#2089 = CARTESIAN_POINT('',(77.,-8.9,16.));
#2090 = SURFACE_CURVE('',#2091,(#2096,#2107),.PCURVE_S1.);
#2091 = CIRCLE('',#2092,6.1);
#2092 = AXIS2_PLACEMENT_3D('',#2093,#2094,#2095);
#2093 = CARTESIAN_POINT('',(77.,-15.,16.));
#2094 = DIRECTION('',(-1.,0.,0.));
#2095 = DIRECTION('',(0.,1.,0.));
#2096 = PCURVE('',#964,#2097);
#2097 = DEFINITIONAL_REPRESENTATION('',(#2098),#2106);
#2098 = ( BOUNDED_CURVE() B_SPLINE_CURVE(2,(#2099,#2100,#2101,#2102,
#2103,#2104,#2105),.UNSPECIFIED.,.T.,.F.) B_SPLINE_CURVE_WITH_KNOTS((1,2
    ,2,2,2,1),(-2.094395102393,0.,2.094395102393,4.188790204786,
6.28318530718,8.377580409573),.UNSPECIFIED.) CURVE() 
GEOMETRIC_REPRESENTATION_ITEM() RATIONAL_B_SPLINE_CURVE((1.,0.5,1.,0.5,
1.,0.5,1.)) REPRESENTATION_ITEM('') );
#2099 = CARTESIAN_POINT('',(13.1,-65.6));
#2100 = CARTESIAN_POINT('',(2.53449007383,-65.6));
#2101 = CARTESIAN_POINT('',(7.817245036915,-56.45));
#2102 = CARTESIAN_POINT('',(13.1,-47.3));
#2103 = CARTESIAN_POINT('',(18.382754963085,-56.45));
#2104 = CARTESIAN_POINT('',(23.66550992617,-65.6));
#2105 = CARTESIAN_POINT('',(13.1,-65.6));
#2106 = ( GEOMETRIC_REPRESENTATION_CONTEXT(2) 
PARAMETRIC_REPRESENTATION_CONTEXT() REPRESENTATION_CONTEXT('2D SPACE',''
  ) );
#2107 = PCURVE('',#1597,#2108);
#2108 = DEFINITIONAL_REPRESENTATION('',(#2109),#2113);
#2109 = LINE('',#2110,#2111);
#2110 = CARTESIAN_POINT('',(-6.28318530718,-77.));
#2111 = VECTOR('',#2112,1.);
#2112 = DIRECTION('',(1.,-0.));
#2113 = ( GEOMETRIC_REPRESENTATION_CONTEXT(2) 
PARAMETRIC_REPRESENTATION_CONTEXT() REPRESENTATION_CONTEXT('2D SPACE',''
  ) );
#2114 = ADVANCED_FACE('',(#2115),#992,.T.);
#2115 = FACE_BOUND('',#2116,.F.);
#2116 = EDGE_LOOP('',(#2117,#2118,#2119,#2143));
#2117 = ORIENTED_EDGE('',*,*,#975,.F.);
#2118 = ORIENTED_EDGE('',*,*,#2046,.F.);
#2119 = ORIENTED_EDGE('',*,*,#2120,.T.);
#2120 = EDGE_CURVE('',#2022,#2121,#2123,.T.);
#2121 = VERTEX_POINT('',#2122);
#2122 = CARTESIAN_POINT('',(70.938447187191,-74.5,49.));
#2123 = SURFACE_CURVE('',#2124,(#2129,#2136),.PCURVE_S1.);
#2124 = CIRCLE('',#2125,4.5);
#2125 = AXIS2_PLACEMENT_3D('',#2126,#2127,#2128);
#2126 = CARTESIAN_POINT('',(73.,-70.5,49.));
#2127 = DIRECTION('',(0.,0.,1.));
#2128 = DIRECTION('',(1.,0.,0.));
#2129 = PCURVE('',#992,#2130);
#2130 = DEFINITIONAL_REPRESENTATION('',(#2131),#2135);
#2131 = LINE('',#2132,#2133);
#2132 = CARTESIAN_POINT('',(-0.,-46.));
#2133 = VECTOR('',#2134,1.);
#2134 = DIRECTION('',(-1.,0.));
#2135 = ( GEOMETRIC_REPRESENTATION_CONTEXT(2) 
PARAMETRIC_REPRESENTATION_CONTEXT() REPRESENTATION_CONTEXT('2D SPACE',''
  ) );
#2136 = PCURVE('',#1656,#2137);
#2137 = DEFINITIONAL_REPRESENTATION('',(#2138),#2142);
#2138 = CIRCLE('',#2139,4.5);
#2139 = AXIS2_PLACEMENT_2D('',#2140,#2141);
#2140 = CARTESIAN_POINT('',(150.,4.));
#2141 = DIRECTION('',(1.,0.));
#2142 = ( GEOMETRIC_REPRESENTATION_CONTEXT(2) 
PARAMETRIC_REPRESENTATION_CONTEXT() REPRESENTATION_CONTEXT('2D SPACE',''
  ) );
#2143 = ORIENTED_EDGE('',*,*,#2144,.T.);
#2144 = EDGE_CURVE('',#2121,#976,#2145,.T.);
#2145 = SURFACE_CURVE('',#2146,(#2150,#2156),.PCURVE_S1.);
#2146 = LINE('',#2147,#2148);
#2147 = CARTESIAN_POINT('',(70.938447187191,-74.5,3.));
#2148 = VECTOR('',#2149,1.);
#2149 = DIRECTION('',(-0.,-0.,-1.));
#2150 = PCURVE('',#992,#2151);
#2151 = DEFINITIONAL_REPRESENTATION('',(#2152),#2155);
#2152 = B_SPLINE_CURVE_WITH_KNOTS('',1,(#2153,#2154),.UNSPECIFIED.,.F.,
  .F.,(2,2),(-46.0000006,5.999999999062E-07),.PIECEWISE_BEZIER_KNOTS.);
#2153 = CARTESIAN_POINT('',(-4.236506730724,-46.0000006));
#2154 = CARTESIAN_POINT('',(-4.236506730724,5.999999999062E-07));
#2155 = ( GEOMETRIC_REPRESENTATION_CONTEXT(2) 
PARAMETRIC_REPRESENTATION_CONTEXT() REPRESENTATION_CONTEXT('2D SPACE',''
  ) );
#2156 = PCURVE('',#1020,#2157);
#2157 = DEFINITIONAL_REPRESENTATION('',(#2158),#2161);
#2158 = B_SPLINE_CURVE_WITH_KNOTS('',1,(#2159,#2160),.UNSPECIFIED.,.F.,
  .F.,(2,2),(-46.0000006,5.999999999062E-07),.PIECEWISE_BEZIER_KNOTS.);
#2159 = CARTESIAN_POINT('',(46.1000006,147.93844718719));
#2160 = CARTESIAN_POINT('',(9.99994E-02,147.93844718719));
#2161 = ( GEOMETRIC_REPRESENTATION_CONTEXT(2) 
PARAMETRIC_REPRESENTATION_CONTEXT() REPRESENTATION_CONTEXT('2D SPACE',''
  ) );
#2162 = ADVANCED_FACE('',(#2163),#1166,.T.);
#2163 = FACE_BOUND('',#2164,.F.);
#2164 = EDGE_LOOP('',(#2165,#2166,#2187,#2209));
#2165 = ORIENTED_EDGE('',*,*,#1151,.F.);
#2166 = ORIENTED_EDGE('',*,*,#2167,.F.);
#2167 = EDGE_CURVE('',#2168,#1125,#2170,.T.);
#2168 = VERTEX_POINT('',#2169);
#2169 = CARTESIAN_POINT('',(70.938447187191,74.5,49.));
#2170 = SURFACE_CURVE('',#2171,(#2175,#2181),.PCURVE_S1.);
#2171 = LINE('',#2172,#2173);
#2172 = CARTESIAN_POINT('',(70.938447187191,74.5,3.));
#2173 = VECTOR('',#2174,1.);
#2174 = DIRECTION('',(-0.,-0.,-1.));
#2175 = PCURVE('',#1166,#2176);
#2176 = DEFINITIONAL_REPRESENTATION('',(#2177),#2180);
#2177 = B_SPLINE_CURVE_WITH_KNOTS('',1,(#2178,#2179),.UNSPECIFIED.,.F.,
  .F.,(2,2),(-46.0000006,5.999999999062E-07),.PIECEWISE_BEZIER_KNOTS.);
#2178 = CARTESIAN_POINT('',(-2.046678576455,-46.0000006));
#2179 = CARTESIAN_POINT('',(-2.046678576455,5.999999999062E-07));
#2180 = ( GEOMETRIC_REPRESENTATION_CONTEXT(2) 
PARAMETRIC_REPRESENTATION_CONTEXT() REPRESENTATION_CONTEXT('2D SPACE',''
  ) );
#2181 = PCURVE('',#1140,#2182);
#2182 = DEFINITIONAL_REPRESENTATION('',(#2183),#2186);
#2183 = B_SPLINE_CURVE_WITH_KNOTS('',1,(#2184,#2185),.UNSPECIFIED.,.F.,
  .F.,(2,2),(-46.0000006,5.999999999062E-07),.PIECEWISE_BEZIER_KNOTS.);
#2184 = CARTESIAN_POINT('',(46.1000006,147.93844718719));
#2185 = CARTESIAN_POINT('',(9.99994E-02,147.93844718719));
#2186 = ( GEOMETRIC_REPRESENTATION_CONTEXT(2) 
PARAMETRIC_REPRESENTATION_CONTEXT() REPRESENTATION_CONTEXT('2D SPACE',''
  ) );
#2187 = ORIENTED_EDGE('',*,*,#2188,.T.);
#2188 = EDGE_CURVE('',#2168,#2024,#2189,.T.);
#2189 = SURFACE_CURVE('',#2190,(#2195,#2202),.PCURVE_S1.);
#2190 = CIRCLE('',#2191,4.5);
#2191 = AXIS2_PLACEMENT_3D('',#2192,#2193,#2194);
#2192 = CARTESIAN_POINT('',(73.,70.5,49.));
#2193 = DIRECTION('',(0.,0.,1.));
#2194 = DIRECTION('',(1.,0.,0.));
#2195 = PCURVE('',#1166,#2196);
#2196 = DEFINITIONAL_REPRESENTATION('',(#2197),#2201);
#2197 = LINE('',#2198,#2199);
#2198 = CARTESIAN_POINT('',(-0.,-46.));
#2199 = VECTOR('',#2200,1.);
#2200 = DIRECTION('',(-1.,0.));
#2201 = ( GEOMETRIC_REPRESENTATION_CONTEXT(2) 
PARAMETRIC_REPRESENTATION_CONTEXT() REPRESENTATION_CONTEXT('2D SPACE',''
  ) );
#2202 = PCURVE('',#1656,#2203);
#2203 = DEFINITIONAL_REPRESENTATION('',(#2204),#2208);
#2204 = CIRCLE('',#2205,4.5);
#2205 = AXIS2_PLACEMENT_2D('',#2206,#2207);
#2206 = CARTESIAN_POINT('',(150.,145.));
#2207 = DIRECTION('',(1.,0.));
#2208 = ( GEOMETRIC_REPRESENTATION_CONTEXT(2) 
PARAMETRIC_REPRESENTATION_CONTEXT() REPRESENTATION_CONTEXT('2D SPACE',''
  ) );
#2209 = ORIENTED_EDGE('',*,*,#2066,.T.);
#2210 = ADVANCED_FACE('',(#2211),#1020,.T.);
#2211 = FACE_BOUND('',#2212,.T.);
#2212 = EDGE_LOOP('',(#2213,#2214,#2215,#2236));
#2213 = ORIENTED_EDGE('',*,*,#2144,.T.);
#2214 = ORIENTED_EDGE('',*,*,#1004,.T.);
#2215 = ORIENTED_EDGE('',*,*,#2216,.F.);
#2216 = EDGE_CURVE('',#2217,#1005,#2219,.T.);
#2217 = VERTEX_POINT('',#2218);
#2218 = CARTESIAN_POINT('',(-70.93844718719,-74.5,49.));
#2219 = SURFACE_CURVE('',#2220,(#2224,#2230),.PCURVE_S1.);
#2220 = LINE('',#2221,#2222);
#2221 = CARTESIAN_POINT('',(-70.93844718719,-74.5,3.));
#2222 = VECTOR('',#2223,1.);
#2223 = DIRECTION('',(-0.,-0.,-1.));
#2224 = PCURVE('',#1020,#2225);
#2225 = DEFINITIONAL_REPRESENTATION('',(#2226),#2229);
#2226 = B_SPLINE_CURVE_WITH_KNOTS('',1,(#2227,#2228),.UNSPECIFIED.,.F.,
  .F.,(2,2),(-46.0000006,5.999999999062E-07),.PIECEWISE_BEZIER_KNOTS.);
#2227 = CARTESIAN_POINT('',(46.1000006,6.061552812809));
#2228 = CARTESIAN_POINT('',(9.99994E-02,6.061552812809));
#2229 = ( GEOMETRIC_REPRESENTATION_CONTEXT(2) 
PARAMETRIC_REPRESENTATION_CONTEXT() REPRESENTATION_CONTEXT('2D SPACE',''
  ) );
#2230 = PCURVE('',#1052,#2231);
#2231 = DEFINITIONAL_REPRESENTATION('',(#2232),#2235);
#2232 = B_SPLINE_CURVE_WITH_KNOTS('',1,(#2233,#2234),.UNSPECIFIED.,.F.,
  .F.,(2,2),(-46.,0.),.PIECEWISE_BEZIER_KNOTS.);
#2233 = CARTESIAN_POINT('',(-5.188271230045,-46.));
#2234 = CARTESIAN_POINT('',(-5.188271230045,0.));
#2235 = ( GEOMETRIC_REPRESENTATION_CONTEXT(2) 
PARAMETRIC_REPRESENTATION_CONTEXT() REPRESENTATION_CONTEXT('2D SPACE',''
  ) );
#2236 = ORIENTED_EDGE('',*,*,#2237,.T.);
#2237 = EDGE_CURVE('',#2217,#2121,#2238,.T.);
#2238 = SURFACE_CURVE('',#2239,(#2243,#2250),.PCURVE_S1.);
#2239 = LINE('',#2240,#2241);
#2240 = CARTESIAN_POINT('',(-77.,-74.5,49.));
#2241 = VECTOR('',#2242,1.);
#2242 = DIRECTION('',(1.,0.,0.));
#2243 = PCURVE('',#1020,#2244);
#2244 = DEFINITIONAL_REPRESENTATION('',(#2245),#2249);
#2245 = LINE('',#2246,#2247);
#2246 = CARTESIAN_POINT('',(46.1,0.));
#2247 = VECTOR('',#2248,1.);
#2248 = DIRECTION('',(0.,1.));
#2249 = ( GEOMETRIC_REPRESENTATION_CONTEXT(2) 
PARAMETRIC_REPRESENTATION_CONTEXT() REPRESENTATION_CONTEXT('2D SPACE',''
  ) );
#2250 = PCURVE('',#1656,#2251);
#2251 = DEFINITIONAL_REPRESENTATION('',(#2252),#2256);
#2252 = LINE('',#2253,#2254);
#2253 = CARTESIAN_POINT('',(0.,0.));
#2254 = VECTOR('',#2255,1.);
#2255 = DIRECTION('',(1.,0.));
#2256 = ( GEOMETRIC_REPRESENTATION_CONTEXT(2) 
PARAMETRIC_REPRESENTATION_CONTEXT() REPRESENTATION_CONTEXT('2D SPACE',''
  ) );
#2257 = ADVANCED_FACE('',(#2258,#2304,#2334),#1140,.F.);
#2258 = FACE_BOUND('',#2259,.F.);
#2259 = EDGE_LOOP('',(#2260,#2261,#2262,#2283));
#2260 = ORIENTED_EDGE('',*,*,#2167,.T.);
#2261 = ORIENTED_EDGE('',*,*,#1124,.T.);
#2262 = ORIENTED_EDGE('',*,*,#2263,.F.);
#2263 = EDGE_CURVE('',#2264,#1092,#2266,.T.);
#2264 = VERTEX_POINT('',#2265);
#2265 = CARTESIAN_POINT('',(-70.93844718719,74.5,49.));
#2266 = SURFACE_CURVE('',#2267,(#2271,#2277),.PCURVE_S1.);
#2267 = LINE('',#2268,#2269);
#2268 = CARTESIAN_POINT('',(-70.93844718719,74.5,3.));
#2269 = VECTOR('',#2270,1.);
#2270 = DIRECTION('',(-0.,-0.,-1.));
#2271 = PCURVE('',#1140,#2272);
#2272 = DEFINITIONAL_REPRESENTATION('',(#2273),#2276);
#2273 = B_SPLINE_CURVE_WITH_KNOTS('',1,(#2274,#2275),.UNSPECIFIED.,.F.,
  .F.,(2,2),(-46.0000006,5.999999999062E-07),.PIECEWISE_BEZIER_KNOTS.);
#2274 = CARTESIAN_POINT('',(46.1000006,6.061552812809));
#2275 = CARTESIAN_POINT('',(9.99994E-02,6.061552812809));
#2276 = ( GEOMETRIC_REPRESENTATION_CONTEXT(2) 
PARAMETRIC_REPRESENTATION_CONTEXT() REPRESENTATION_CONTEXT('2D SPACE',''
  ) );
#2277 = PCURVE('',#1112,#2278);
#2278 = DEFINITIONAL_REPRESENTATION('',(#2279),#2282);
#2279 = B_SPLINE_CURVE_WITH_KNOTS('',1,(#2280,#2281),.UNSPECIFIED.,.F.,
  .F.,(2,2),(-46.,0.),.PIECEWISE_BEZIER_KNOTS.);
#2280 = CARTESIAN_POINT('',(-7.378099384314,-46.));
#2281 = CARTESIAN_POINT('',(-7.378099384314,0.));
#2282 = ( GEOMETRIC_REPRESENTATION_CONTEXT(2) 
PARAMETRIC_REPRESENTATION_CONTEXT() REPRESENTATION_CONTEXT('2D SPACE',''
  ) );
#2283 = ORIENTED_EDGE('',*,*,#2284,.T.);
#2284 = EDGE_CURVE('',#2264,#2168,#2285,.T.);
#2285 = SURFACE_CURVE('',#2286,(#2290,#2297),.PCURVE_S1.);
#2286 = LINE('',#2287,#2288);
#2287 = CARTESIAN_POINT('',(-77.,74.5,49.));
#2288 = VECTOR('',#2289,1.);
#2289 = DIRECTION('',(1.,0.,0.));
#2290 = PCURVE('',#1140,#2291);
#2291 = DEFINITIONAL_REPRESENTATION('',(#2292),#2296);
#2292 = LINE('',#2293,#2294);
#2293 = CARTESIAN_POINT('',(46.1,0.));
#2294 = VECTOR('',#2295,1.);
#2295 = DIRECTION('',(0.,1.));
#2296 = ( GEOMETRIC_REPRESENTATION_CONTEXT(2) 
PARAMETRIC_REPRESENTATION_CONTEXT() REPRESENTATION_CONTEXT('2D SPACE',''
  ) );
#2297 = PCURVE('',#1656,#2298);
#2298 = DEFINITIONAL_REPRESENTATION('',(#2299),#2303);
#2299 = LINE('',#2300,#2301);
#2300 = CARTESIAN_POINT('',(0.,149.));
#2301 = VECTOR('',#2302,1.);
#2302 = DIRECTION('',(1.,0.));
#2303 = ( GEOMETRIC_REPRESENTATION_CONTEXT(2) 
PARAMETRIC_REPRESENTATION_CONTEXT() REPRESENTATION_CONTEXT('2D SPACE',''
  ) );
#2304 = FACE_BOUND('',#2305,.F.);
#2305 = EDGE_LOOP('',(#2306));
#2306 = ORIENTED_EDGE('',*,*,#2307,.T.);
#2307 = EDGE_CURVE('',#2308,#2308,#2310,.T.);
#2308 = VERTEX_POINT('',#2309);
#2309 = CARTESIAN_POINT('',(4.1,74.5,16.));
#2310 = SURFACE_CURVE('',#2311,(#2316,#2327),.PCURVE_S1.);
#2311 = CIRCLE('',#2312,4.1);
#2312 = AXIS2_PLACEMENT_3D('',#2313,#2314,#2315);
#2313 = CARTESIAN_POINT('',(0.,74.5,16.));
#2314 = DIRECTION('',(0.,-1.,0.));
#2315 = DIRECTION('',(1.,0.,0.));
#2316 = PCURVE('',#1140,#2317);
#2317 = DEFINITIONAL_REPRESENTATION('',(#2318),#2326);
#2318 = ( BOUNDED_CURVE() B_SPLINE_CURVE(2,(#2319,#2320,#2321,#2322,
#2323,#2324,#2325),.UNSPECIFIED.,.T.,.F.) B_SPLINE_CURVE_WITH_KNOTS((1,2
    ,2,2,2,1),(-2.094395102393,0.,2.094395102393,4.188790204786,
6.28318530718,8.377580409573),.UNSPECIFIED.) CURVE() 
GEOMETRIC_REPRESENTATION_ITEM() RATIONAL_B_SPLINE_CURVE((1.,0.5,1.,0.5,
1.,0.5,1.)) REPRESENTATION_ITEM('') );
#2319 = CARTESIAN_POINT('',(13.1,81.1));
#2320 = CARTESIAN_POINT('',(20.201408311032,81.1));
#2321 = CARTESIAN_POINT('',(16.650704155516,74.95));
#2322 = CARTESIAN_POINT('',(13.1,68.8));
#2323 = CARTESIAN_POINT('',(9.549295844484,74.95));
#2324 = CARTESIAN_POINT('',(5.998591688968,81.1));
#2325 = CARTESIAN_POINT('',(13.1,81.1));
#2326 = ( GEOMETRIC_REPRESENTATION_CONTEXT(2) 
PARAMETRIC_REPRESENTATION_CONTEXT() REPRESENTATION_CONTEXT('2D SPACE',''
  ) );
#2327 = PCURVE('',#1395,#2328);
#2328 = DEFINITIONAL_REPRESENTATION('',(#2329),#2333);
#2329 = LINE('',#2330,#2331);
#2330 = CARTESIAN_POINT('',(0.,-74.5));
#2331 = VECTOR('',#2332,1.);
#2332 = DIRECTION('',(1.,0.));
#2333 = ( GEOMETRIC_REPRESENTATION_CONTEXT(2) 
PARAMETRIC_REPRESENTATION_CONTEXT() REPRESENTATION_CONTEXT('2D SPACE',''
  ) );
#2334 = FACE_BOUND('',#2335,.F.);
#2335 = EDGE_LOOP('',(#2336,#2359,#2380,#2401));
#2336 = ORIENTED_EDGE('',*,*,#2337,.T.);
#2337 = EDGE_CURVE('',#2338,#2340,#2342,.T.);
#2338 = VERTEX_POINT('',#2339);
#2339 = CARTESIAN_POINT('',(20.,74.5,29.));
#2340 = VERTEX_POINT('',#2341);
#2341 = CARTESIAN_POINT('',(20.,74.5,25.));
#2342 = SURFACE_CURVE('',#2343,(#2347,#2353),.PCURVE_S1.);
#2343 = LINE('',#2344,#2345);
#2344 = CARTESIAN_POINT('',(20.,74.5,15.95));
#2345 = VECTOR('',#2346,1.);
#2346 = DIRECTION('',(0.,0.,-1.));
#2347 = PCURVE('',#1140,#2348);
#2348 = DEFINITIONAL_REPRESENTATION('',(#2349),#2352);
#2349 = B_SPLINE_CURVE_WITH_KNOTS('',1,(#2350,#2351),.UNSPECIFIED.,.F.,
  .F.,(2,2),(-13.05,-9.05),.PIECEWISE_BEZIER_KNOTS.);
#2350 = CARTESIAN_POINT('',(26.1,97.));
#2351 = CARTESIAN_POINT('',(22.1,97.));
#2352 = ( GEOMETRIC_REPRESENTATION_CONTEXT(2) 
PARAMETRIC_REPRESENTATION_CONTEXT() REPRESENTATION_CONTEXT('2D SPACE',''
  ) );
#2353 = PCURVE('',#1426,#2354);
#2354 = DEFINITIONAL_REPRESENTATION('',(#2355),#2358);
#2355 = B_SPLINE_CURVE_WITH_KNOTS('',1,(#2356,#2357),.UNSPECIFIED.,.F.,
  .F.,(2,2),(-13.05,-9.05),.PIECEWISE_BEZIER_KNOTS.);
#2356 = CARTESIAN_POINT('',(0.,74.5));
#2357 = CARTESIAN_POINT('',(4.,74.5));
#2358 = ( GEOMETRIC_REPRESENTATION_CONTEXT(2) 
PARAMETRIC_REPRESENTATION_CONTEXT() REPRESENTATION_CONTEXT('2D SPACE',''
  ) );
#2359 = ORIENTED_EDGE('',*,*,#2360,.T.);
#2360 = EDGE_CURVE('',#2340,#2361,#2363,.T.);
#2361 = VERTEX_POINT('',#2362);
#2362 = CARTESIAN_POINT('',(30.,74.5,25.));
#2363 = SURFACE_CURVE('',#2364,(#2368,#2374),.PCURVE_S1.);
#2364 = LINE('',#2365,#2366);
#2365 = CARTESIAN_POINT('',(-28.5,74.5,25.));
#2366 = VECTOR('',#2367,1.);
#2367 = DIRECTION('',(1.,-0.,0.));
#2368 = PCURVE('',#1140,#2369);
#2369 = DEFINITIONAL_REPRESENTATION('',(#2370),#2373);
#2370 = B_SPLINE_CURVE_WITH_KNOTS('',1,(#2371,#2372),.UNSPECIFIED.,.F.,
  .F.,(2,2),(48.5,58.5),.PIECEWISE_BEZIER_KNOTS.);
#2371 = CARTESIAN_POINT('',(22.1,97.));
#2372 = CARTESIAN_POINT('',(22.1,107.));
#2373 = ( GEOMETRIC_REPRESENTATION_CONTEXT(2) 
PARAMETRIC_REPRESENTATION_CONTEXT() REPRESENTATION_CONTEXT('2D SPACE',''
  ) );
#2374 = PCURVE('',#1452,#2375);
#2375 = DEFINITIONAL_REPRESENTATION('',(#2376),#2379);
#2376 = B_SPLINE_CURVE_WITH_KNOTS('',1,(#2377,#2378),.UNSPECIFIED.,.F.,
  .F.,(2,2),(48.5,58.5),.PIECEWISE_BEZIER_KNOTS.);
#2377 = CARTESIAN_POINT('',(0.,74.5));
#2378 = CARTESIAN_POINT('',(10.,74.5));
#2379 = ( GEOMETRIC_REPRESENTATION_CONTEXT(2) 
PARAMETRIC_REPRESENTATION_CONTEXT() REPRESENTATION_CONTEXT('2D SPACE',''
  ) );
#2380 = ORIENTED_EDGE('',*,*,#2381,.T.);
#2381 = EDGE_CURVE('',#2361,#2382,#2384,.T.);
#2382 = VERTEX_POINT('',#2383);
#2383 = CARTESIAN_POINT('',(30.,74.5,29.));
#2384 = SURFACE_CURVE('',#2385,(#2389,#2395),.PCURVE_S1.);
#2385 = LINE('',#2386,#2387);
#2386 = CARTESIAN_POINT('',(30.,74.5,13.95));
#2387 = VECTOR('',#2388,1.);
#2388 = DIRECTION('',(0.,-0.,1.));
#2389 = PCURVE('',#1140,#2390);
#2390 = DEFINITIONAL_REPRESENTATION('',(#2391),#2394);
#2391 = B_SPLINE_CURVE_WITH_KNOTS('',1,(#2392,#2393),.UNSPECIFIED.,.F.,
  .F.,(2,2),(11.05,15.05),.PIECEWISE_BEZIER_KNOTS.);
#2392 = CARTESIAN_POINT('',(22.1,107.));
#2393 = CARTESIAN_POINT('',(26.1,107.));
#2394 = ( GEOMETRIC_REPRESENTATION_CONTEXT(2) 
PARAMETRIC_REPRESENTATION_CONTEXT() REPRESENTATION_CONTEXT('2D SPACE',''
  ) );
#2395 = PCURVE('',#1478,#2396);
#2396 = DEFINITIONAL_REPRESENTATION('',(#2397),#2400);
#2397 = B_SPLINE_CURVE_WITH_KNOTS('',1,(#2398,#2399),.UNSPECIFIED.,.F.,
  .F.,(2,2),(11.05,15.05),.PIECEWISE_BEZIER_KNOTS.);
#2398 = CARTESIAN_POINT('',(0.,74.5));
#2399 = CARTESIAN_POINT('',(4.,74.5));
#2400 = ( GEOMETRIC_REPRESENTATION_CONTEXT(2) 
PARAMETRIC_REPRESENTATION_CONTEXT() REPRESENTATION_CONTEXT('2D SPACE',''
  ) );
#2401 = ORIENTED_EDGE('',*,*,#2402,.T.);
#2402 = EDGE_CURVE('',#2382,#2338,#2403,.T.);
#2403 = SURFACE_CURVE('',#2404,(#2408,#2414),.PCURVE_S1.);
#2404 = LINE('',#2405,#2406);
#2405 = CARTESIAN_POINT('',(-23.5,74.5,29.));
#2406 = VECTOR('',#2407,1.);
#2407 = DIRECTION('',(-1.,0.,0.));
#2408 = PCURVE('',#1140,#2409);
#2409 = DEFINITIONAL_REPRESENTATION('',(#2410),#2413);
#2410 = B_SPLINE_CURVE_WITH_KNOTS('',1,(#2411,#2412),.UNSPECIFIED.,.F.,
  .F.,(2,2),(-53.5,-43.5),.PIECEWISE_BEZIER_KNOTS.);
#2411 = CARTESIAN_POINT('',(26.1,107.));
#2412 = CARTESIAN_POINT('',(26.1,97.));
#2413 = ( GEOMETRIC_REPRESENTATION_CONTEXT(2) 
PARAMETRIC_REPRESENTATION_CONTEXT() REPRESENTATION_CONTEXT('2D SPACE',''
  ) );
#2414 = PCURVE('',#1502,#2415);
#2415 = DEFINITIONAL_REPRESENTATION('',(#2416),#2419);
#2416 = B_SPLINE_CURVE_WITH_KNOTS('',1,(#2417,#2418),.UNSPECIFIED.,.F.,
  .F.,(2,2),(-53.5,-43.5),.PIECEWISE_BEZIER_KNOTS.);
#2417 = CARTESIAN_POINT('',(0.,74.5));
#2418 = CARTESIAN_POINT('',(10.,74.5));
#2419 = ( GEOMETRIC_REPRESENTATION_CONTEXT(2) 
PARAMETRIC_REPRESENTATION_CONTEXT() REPRESENTATION_CONTEXT('2D SPACE',''
  ) );
#2420 = ADVANCED_FACE('',(#2421),#1052,.T.);
#2421 = FACE_BOUND('',#2422,.F.);
#2422 = EDGE_LOOP('',(#2423,#2447,#2466,#2467));
#2423 = ORIENTED_EDGE('',*,*,#2424,.T.);
#2424 = EDGE_CURVE('',#2217,#2425,#2427,.T.);
#2425 = VERTEX_POINT('',#2426);
#2426 = CARTESIAN_POINT('',(-77.,-68.43844718719,49.));
#2427 = SURFACE_CURVE('',#2428,(#2433,#2440),.PCURVE_S1.);
#2428 = CIRCLE('',#2429,4.5);
#2429 = AXIS2_PLACEMENT_3D('',#2430,#2431,#2432);
#2430 = CARTESIAN_POINT('',(-73.,-70.5,49.));
#2431 = DIRECTION('',(-0.,0.,1.));
#2432 = DIRECTION('',(0.458122847291,-0.888888888889,0.));
#2433 = PCURVE('',#1052,#2434);
#2434 = DEFINITIONAL_REPRESENTATION('',(#2435),#2439);
#2435 = LINE('',#2436,#2437);
#2436 = CARTESIAN_POINT('',(-5.188271230045,-46.));
#2437 = VECTOR('',#2438,1.);
#2438 = DIRECTION('',(-1.,0.));
#2439 = ( GEOMETRIC_REPRESENTATION_CONTEXT(2) 
PARAMETRIC_REPRESENTATION_CONTEXT() REPRESENTATION_CONTEXT('2D SPACE',''
  ) );
#2440 = PCURVE('',#1656,#2441);
#2441 = DEFINITIONAL_REPRESENTATION('',(#2442),#2446);
#2442 = CIRCLE('',#2443,4.5);
#2443 = AXIS2_PLACEMENT_2D('',#2444,#2445);
#2444 = CARTESIAN_POINT('',(4.,4.));
#2445 = DIRECTION('',(0.458122847291,-0.888888888889));
#2446 = ( GEOMETRIC_REPRESENTATION_CONTEXT(2) 
PARAMETRIC_REPRESENTATION_CONTEXT() REPRESENTATION_CONTEXT('2D SPACE',''
  ) );
#2447 = ORIENTED_EDGE('',*,*,#2448,.T.);
#2448 = EDGE_CURVE('',#2425,#1032,#2449,.T.);
#2449 = SURFACE_CURVE('',#2450,(#2454,#2460),.PCURVE_S1.);
#2450 = LINE('',#2451,#2452);
#2451 = CARTESIAN_POINT('',(-77.,-68.43844718719,3.));
#2452 = VECTOR('',#2453,1.);
#2453 = DIRECTION('',(-0.,-0.,-1.));
#2454 = PCURVE('',#1052,#2455);
#2455 = DEFINITIONAL_REPRESENTATION('',(#2456),#2459);
#2456 = B_SPLINE_CURVE_WITH_KNOTS('',1,(#2457,#2458),.UNSPECIFIED.,.F.,
  .F.,(2,2),(-46.,0.),.PIECEWISE_BEZIER_KNOTS.);
#2457 = CARTESIAN_POINT('',(-8.948895711109,-46.));
#2458 = CARTESIAN_POINT('',(-8.948895711109,0.));
#2459 = ( GEOMETRIC_REPRESENTATION_CONTEXT(2) 
PARAMETRIC_REPRESENTATION_CONTEXT() REPRESENTATION_CONTEXT('2D SPACE',''
  ) );
#2460 = PCURVE('',#1080,#2461);
#2461 = DEFINITIONAL_REPRESENTATION('',(#2462),#2465);
#2462 = B_SPLINE_CURVE_WITH_KNOTS('',1,(#2463,#2464),.UNSPECIFIED.,.F.,
  .F.,(2,2),(-46.0000006,5.999999999062E-07),.PIECEWISE_BEZIER_KNOTS.);
#2463 = CARTESIAN_POINT('',(46.1000006,-6.061552812809));
#2464 = CARTESIAN_POINT('',(9.99994E-02,-6.061552812809));
#2465 = ( GEOMETRIC_REPRESENTATION_CONTEXT(2) 
PARAMETRIC_REPRESENTATION_CONTEXT() REPRESENTATION_CONTEXT('2D SPACE',''
  ) );
#2466 = ORIENTED_EDGE('',*,*,#1031,.T.);
#2467 = ORIENTED_EDGE('',*,*,#2216,.F.);
#2468 = ADVANCED_FACE('',(#2469),#1112,.T.);
#2469 = FACE_BOUND('',#2470,.F.);
#2470 = EDGE_LOOP('',(#2471,#2472,#2493,#2515));
#2471 = ORIENTED_EDGE('',*,*,#1091,.T.);
#2472 = ORIENTED_EDGE('',*,*,#2473,.F.);
#2473 = EDGE_CURVE('',#2474,#1065,#2476,.T.);
#2474 = VERTEX_POINT('',#2475);
#2475 = CARTESIAN_POINT('',(-77.,68.438447187191,49.));
#2476 = SURFACE_CURVE('',#2477,(#2481,#2487),.PCURVE_S1.);
#2477 = LINE('',#2478,#2479);
#2478 = CARTESIAN_POINT('',(-77.,68.438447187191,3.));
#2479 = VECTOR('',#2480,1.);
#2480 = DIRECTION('',(-0.,-0.,-1.));
#2481 = PCURVE('',#1112,#2482);
#2482 = DEFINITIONAL_REPRESENTATION('',(#2483),#2486);
#2483 = B_SPLINE_CURVE_WITH_KNOTS('',1,(#2484,#2485),.UNSPECIFIED.,.F.,
  .F.,(2,2),(-46.,-0.),.PIECEWISE_BEZIER_KNOTS.);
#2484 = CARTESIAN_POINT('',(-3.61747490325,-46.));
#2485 = CARTESIAN_POINT('',(-3.61747490325,0.));
#2486 = ( GEOMETRIC_REPRESENTATION_CONTEXT(2) 
PARAMETRIC_REPRESENTATION_CONTEXT() REPRESENTATION_CONTEXT('2D SPACE',''
  ) );
#2487 = PCURVE('',#1080,#2488);
#2488 = DEFINITIONAL_REPRESENTATION('',(#2489),#2492);
#2489 = B_SPLINE_CURVE_WITH_KNOTS('',1,(#2490,#2491),.UNSPECIFIED.,.F.,
  .F.,(2,2),(-46.0000006,5.999999999062E-07),.PIECEWISE_BEZIER_KNOTS.);
#2490 = CARTESIAN_POINT('',(46.1000006,-142.9384471871));
#2491 = CARTESIAN_POINT('',(9.99994E-02,-142.9384471871));
#2492 = ( GEOMETRIC_REPRESENTATION_CONTEXT(2) 
PARAMETRIC_REPRESENTATION_CONTEXT() REPRESENTATION_CONTEXT('2D SPACE',''
  ) );
#2493 = ORIENTED_EDGE('',*,*,#2494,.T.);
#2494 = EDGE_CURVE('',#2474,#2264,#2495,.T.);
#2495 = SURFACE_CURVE('',#2496,(#2501,#2508),.PCURVE_S1.);
#2496 = CIRCLE('',#2497,4.5);
#2497 = AXIS2_PLACEMENT_3D('',#2498,#2499,#2500);
#2498 = CARTESIAN_POINT('',(-73.,70.5,49.));
#2499 = DIRECTION('',(0.,0.,1.));
#2500 = DIRECTION('',(-0.888888888889,-0.458122847291,0.));
#2501 = PCURVE('',#1112,#2502);
#2502 = DEFINITIONAL_REPRESENTATION('',(#2503),#2507);
#2503 = LINE('',#2504,#2505);
#2504 = CARTESIAN_POINT('',(-3.61747490325,-46.));
#2505 = VECTOR('',#2506,1.);
#2506 = DIRECTION('',(-1.,0.));
#2507 = ( GEOMETRIC_REPRESENTATION_CONTEXT(2) 
PARAMETRIC_REPRESENTATION_CONTEXT() REPRESENTATION_CONTEXT('2D SPACE',''
  ) );
#2508 = PCURVE('',#1656,#2509);
#2509 = DEFINITIONAL_REPRESENTATION('',(#2510),#2514);
#2510 = CIRCLE('',#2511,4.5);
#2511 = AXIS2_PLACEMENT_2D('',#2512,#2513);
#2512 = CARTESIAN_POINT('',(4.,145.));
#2513 = DIRECTION('',(-0.888888888889,-0.458122847291));
#2514 = ( GEOMETRIC_REPRESENTATION_CONTEXT(2) 
PARAMETRIC_REPRESENTATION_CONTEXT() REPRESENTATION_CONTEXT('2D SPACE',''
  ) );
#2515 = ORIENTED_EDGE('',*,*,#2263,.T.);
#2516 = ADVANCED_FACE('',(#2517,#2543),#1080,.T.);
#2517 = FACE_BOUND('',#2518,.T.);
#2518 = EDGE_LOOP('',(#2519,#2540,#2541,#2542));
#2519 = ORIENTED_EDGE('',*,*,#2520,.F.);
#2520 = EDGE_CURVE('',#2425,#2474,#2521,.T.);
#2521 = SURFACE_CURVE('',#2522,(#2526,#2533),.PCURVE_S1.);
#2522 = LINE('',#2523,#2524);
#2523 = CARTESIAN_POINT('',(-77.,-74.5,49.));
#2524 = VECTOR('',#2525,1.);
#2525 = DIRECTION('',(0.,1.,0.));
#2526 = PCURVE('',#1080,#2527);
#2527 = DEFINITIONAL_REPRESENTATION('',(#2528),#2532);
#2528 = LINE('',#2529,#2530);
#2529 = CARTESIAN_POINT('',(46.1,0.));
#2530 = VECTOR('',#2531,1.);
#2531 = DIRECTION('',(0.,-1.));
#2532 = ( GEOMETRIC_REPRESENTATION_CONTEXT(2) 
PARAMETRIC_REPRESENTATION_CONTEXT() REPRESENTATION_CONTEXT('2D SPACE',''
  ) );
#2533 = PCURVE('',#1656,#2534);
#2534 = DEFINITIONAL_REPRESENTATION('',(#2535),#2539);
#2535 = LINE('',#2536,#2537);
#2536 = CARTESIAN_POINT('',(0.,0.));
#2537 = VECTOR('',#2538,1.);
#2538 = DIRECTION('',(0.,1.));
#2539 = ( GEOMETRIC_REPRESENTATION_CONTEXT(2) 
PARAMETRIC_REPRESENTATION_CONTEXT() REPRESENTATION_CONTEXT('2D SPACE',''
  ) );
#2540 = ORIENTED_EDGE('',*,*,#2448,.T.);
#2541 = ORIENTED_EDGE('',*,*,#1064,.T.);
#2542 = ORIENTED_EDGE('',*,*,#2473,.F.);
#2543 = FACE_BOUND('',#2544,.T.);
#2544 = EDGE_LOOP('',(#2545));
#2545 = ORIENTED_EDGE('',*,*,#1271,.F.);
#2546 = ADVANCED_FACE('',(#2547),#1395,.F.);
#2547 = FACE_BOUND('',#2548,.F.);
#2548 = EDGE_LOOP('',(#2549,#2550,#2571,#2572));
#2549 = ORIENTED_EDGE('',*,*,#2307,.F.);
#2550 = ORIENTED_EDGE('',*,*,#2551,.T.);
#2551 = EDGE_CURVE('',#2308,#1375,#2552,.T.);
#2552 = SEAM_CURVE('',#2553,(#2557,#2564),.PCURVE_S1.);
#2553 = LINE('',#2554,#2555);
#2554 = CARTESIAN_POINT('',(4.1,0.,16.));
#2555 = VECTOR('',#2556,1.);
#2556 = DIRECTION('',(-0.,1.,-0.));
#2557 = PCURVE('',#1395,#2558);
#2558 = DEFINITIONAL_REPRESENTATION('',(#2559),#2563);
#2559 = LINE('',#2560,#2561);
#2560 = CARTESIAN_POINT('',(6.28318530718,0.));
#2561 = VECTOR('',#2562,1.);
#2562 = DIRECTION('',(0.,-1.));
#2563 = ( GEOMETRIC_REPRESENTATION_CONTEXT(2) 
PARAMETRIC_REPRESENTATION_CONTEXT() REPRESENTATION_CONTEXT('2D SPACE',''
  ) );
#2564 = PCURVE('',#1395,#2565);
#2565 = DEFINITIONAL_REPRESENTATION('',(#2566),#2570);
#2566 = LINE('',#2567,#2568);
#2567 = CARTESIAN_POINT('',(0.,0.));
#2568 = VECTOR('',#2569,1.);
#2569 = DIRECTION('',(0.,-1.));
#2570 = ( GEOMETRIC_REPRESENTATION_CONTEXT(2) 
PARAMETRIC_REPRESENTATION_CONTEXT() REPRESENTATION_CONTEXT('2D SPACE',''
  ) );
#2571 = ORIENTED_EDGE('',*,*,#1374,.T.);
#2572 = ORIENTED_EDGE('',*,*,#2551,.F.);
#2573 = ADVANCED_FACE('',(#2574),#1426,.T.);
#2574 = FACE_BOUND('',#2575,.T.);
#2575 = EDGE_LOOP('',(#2576,#2597,#2598,#2619));
#2576 = ORIENTED_EDGE('',*,*,#2577,.F.);
#2577 = EDGE_CURVE('',#2338,#1410,#2578,.T.);
#2578 = SURFACE_CURVE('',#2579,(#2583,#2590),.PCURVE_S1.);
#2579 = LINE('',#2580,#2581);
#2580 = CARTESIAN_POINT('',(20.,-155.,29.));
#2581 = VECTOR('',#2582,1.);
#2582 = DIRECTION('',(0.,1.,0.));
#2583 = PCURVE('',#1426,#2584);
#2584 = DEFINITIONAL_REPRESENTATION('',(#2585),#2589);
#2585 = LINE('',#2586,#2587);
#2586 = CARTESIAN_POINT('',(0.,-155.));
#2587 = VECTOR('',#2588,1.);
#2588 = DIRECTION('',(0.,1.));
#2589 = ( GEOMETRIC_REPRESENTATION_CONTEXT(2) 
PARAMETRIC_REPRESENTATION_CONTEXT() REPRESENTATION_CONTEXT('2D SPACE',''
  ) );
#2590 = PCURVE('',#1502,#2591);
#2591 = DEFINITIONAL_REPRESENTATION('',(#2592),#2596);
#2592 = LINE('',#2593,#2594);
#2593 = CARTESIAN_POINT('',(10.,-155.));
#2594 = VECTOR('',#2595,1.);
#2595 = DIRECTION('',(0.,1.));
#2596 = ( GEOMETRIC_REPRESENTATION_CONTEXT(2) 
PARAMETRIC_REPRESENTATION_CONTEXT() REPRESENTATION_CONTEXT('2D SPACE',''
  ) );
#2597 = ORIENTED_EDGE('',*,*,#2337,.T.);
#2598 = ORIENTED_EDGE('',*,*,#2599,.T.);
#2599 = EDGE_CURVE('',#2340,#1412,#2600,.T.);
#2600 = SURFACE_CURVE('',#2601,(#2605,#2612),.PCURVE_S1.);
#2601 = LINE('',#2602,#2603);
#2602 = CARTESIAN_POINT('',(20.,-155.,25.));
#2603 = VECTOR('',#2604,1.);
#2604 = DIRECTION('',(0.,1.,0.));
#2605 = PCURVE('',#1426,#2606);
#2606 = DEFINITIONAL_REPRESENTATION('',(#2607),#2611);
#2607 = LINE('',#2608,#2609);
#2608 = CARTESIAN_POINT('',(4.,-155.));
#2609 = VECTOR('',#2610,1.);
#2610 = DIRECTION('',(0.,1.));
#2611 = ( GEOMETRIC_REPRESENTATION_CONTEXT(2) 
PARAMETRIC_REPRESENTATION_CONTEXT() REPRESENTATION_CONTEXT('2D SPACE',''
  ) );
#2612 = PCURVE('',#1452,#2613);
#2613 = DEFINITIONAL_REPRESENTATION('',(#2614),#2618);
#2614 = LINE('',#2615,#2616);
#2615 = CARTESIAN_POINT('',(0.,-155.));
#2616 = VECTOR('',#2617,1.);
#2617 = DIRECTION('',(0.,1.));
#2618 = ( GEOMETRIC_REPRESENTATION_CONTEXT(2) 
PARAMETRIC_REPRESENTATION_CONTEXT() REPRESENTATION_CONTEXT('2D SPACE',''
  ) );
#2619 = ORIENTED_EDGE('',*,*,#1409,.F.);
#2620 = ADVANCED_FACE('',(#2621),#1502,.T.);
#2621 = FACE_BOUND('',#2622,.T.);
#2622 = EDGE_LOOP('',(#2623,#2624,#2645,#2646));
#2623 = ORIENTED_EDGE('',*,*,#1489,.F.);
#2624 = ORIENTED_EDGE('',*,*,#2625,.T.);
#2625 = EDGE_CURVE('',#1464,#2382,#2626,.T.);
#2626 = SURFACE_CURVE('',#2627,(#2631,#2638),.PCURVE_S1.);
#2627 = LINE('',#2628,#2629);
#2628 = CARTESIAN_POINT('',(30.,155.,29.));
#2629 = VECTOR('',#2630,1.);
#2630 = DIRECTION('',(0.,-1.,0.));
#2631 = PCURVE('',#1502,#2632);
#2632 = DEFINITIONAL_REPRESENTATION('',(#2633),#2637);
#2633 = LINE('',#2634,#2635);
#2634 = CARTESIAN_POINT('',(0.,155.));
#2635 = VECTOR('',#2636,1.);
#2636 = DIRECTION('',(0.,-1.));
#2637 = ( GEOMETRIC_REPRESENTATION_CONTEXT(2) 
PARAMETRIC_REPRESENTATION_CONTEXT() REPRESENTATION_CONTEXT('2D SPACE',''
  ) );
#2638 = PCURVE('',#1478,#2639);
#2639 = DEFINITIONAL_REPRESENTATION('',(#2640),#2644);
#2640 = LINE('',#2641,#2642);
#2641 = CARTESIAN_POINT('',(4.,155.));
#2642 = VECTOR('',#2643,1.);
#2643 = DIRECTION('',(0.,-1.));
#2644 = ( GEOMETRIC_REPRESENTATION_CONTEXT(2) 
PARAMETRIC_REPRESENTATION_CONTEXT() REPRESENTATION_CONTEXT('2D SPACE',''
  ) );
#2645 = ORIENTED_EDGE('',*,*,#2402,.T.);
#2646 = ORIENTED_EDGE('',*,*,#2577,.T.);
#2647 = ADVANCED_FACE('',(#2648),#1478,.T.);
#2648 = FACE_BOUND('',#2649,.T.);
#2649 = EDGE_LOOP('',(#2650,#2651,#2672,#2673));
#2650 = ORIENTED_EDGE('',*,*,#1463,.F.);
#2651 = ORIENTED_EDGE('',*,*,#2652,.T.);
#2652 = EDGE_CURVE('',#1438,#2361,#2653,.T.);
#2653 = SURFACE_CURVE('',#2654,(#2658,#2665),.PCURVE_S1.);
#2654 = LINE('',#2655,#2656);
#2655 = CARTESIAN_POINT('',(30.,155.,25.));
#2656 = VECTOR('',#2657,1.);
#2657 = DIRECTION('',(0.,-1.,0.));
#2658 = PCURVE('',#1478,#2659);
#2659 = DEFINITIONAL_REPRESENTATION('',(#2660),#2664);
#2660 = LINE('',#2661,#2662);
#2661 = CARTESIAN_POINT('',(0.,155.));
#2662 = VECTOR('',#2663,1.);
#2663 = DIRECTION('',(0.,-1.));
#2664 = ( GEOMETRIC_REPRESENTATION_CONTEXT(2) 
PARAMETRIC_REPRESENTATION_CONTEXT() REPRESENTATION_CONTEXT('2D SPACE',''
  ) );
#2665 = PCURVE('',#1452,#2666);
#2666 = DEFINITIONAL_REPRESENTATION('',(#2667),#2671);
#2667 = LINE('',#2668,#2669);
#2668 = CARTESIAN_POINT('',(10.,155.));
#2669 = VECTOR('',#2670,1.);
#2670 = DIRECTION('',(0.,-1.));
#2671 = ( GEOMETRIC_REPRESENTATION_CONTEXT(2) 
PARAMETRIC_REPRESENTATION_CONTEXT() REPRESENTATION_CONTEXT('2D SPACE',''
  ) );
#2672 = ORIENTED_EDGE('',*,*,#2381,.T.);
#2673 = ORIENTED_EDGE('',*,*,#2625,.F.);
#2674 = ADVANCED_FACE('',(#2675),#1452,.T.);
#2675 = FACE_BOUND('',#2676,.T.);
#2676 = EDGE_LOOP('',(#2677,#2678,#2679,#2680));
#2677 = ORIENTED_EDGE('',*,*,#2599,.F.);
#2678 = ORIENTED_EDGE('',*,*,#2360,.T.);
#2679 = ORIENTED_EDGE('',*,*,#2652,.F.);
#2680 = ORIENTED_EDGE('',*,*,#1437,.F.);
#2681 = ADVANCED_FACE('',(#2682),#1597,.F.);
#2682 = FACE_BOUND('',#2683,.T.);
#2683 = EDGE_LOOP('',(#2684,#2685,#2706,#2707));
#2684 = ORIENTED_EDGE('',*,*,#2087,.T.);
#2685 = ORIENTED_EDGE('',*,*,#2686,.T.);
#2686 = EDGE_CURVE('',#2088,#1577,#2687,.T.);
#2687 = SEAM_CURVE('',#2688,(#2692,#2699),.PCURVE_S1.);
#2688 = LINE('',#2689,#2690);
#2689 = CARTESIAN_POINT('',(0.,-8.9,16.));
#2690 = VECTOR('',#2691,1.);
#2691 = DIRECTION('',(1.,0.,0.));
#2692 = PCURVE('',#1597,#2693);
#2693 = DEFINITIONAL_REPRESENTATION('',(#2694),#2698);
#2694 = LINE('',#2695,#2696);
#2695 = CARTESIAN_POINT('',(-6.28318530718,0.));
#2696 = VECTOR('',#2697,1.);
#2697 = DIRECTION('',(-0.,-1.));
#2698 = ( GEOMETRIC_REPRESENTATION_CONTEXT(2) 
PARAMETRIC_REPRESENTATION_CONTEXT() REPRESENTATION_CONTEXT('2D SPACE',''
  ) );
#2699 = PCURVE('',#1597,#2700);
#2700 = DEFINITIONAL_REPRESENTATION('',(#2701),#2705);
#2701 = LINE('',#2702,#2703);
#2702 = CARTESIAN_POINT('',(-0.,0.));
#2703 = VECTOR('',#2704,1.);
#2704 = DIRECTION('',(-0.,-1.));
#2705 = ( GEOMETRIC_REPRESENTATION_CONTEXT(2) 
PARAMETRIC_REPRESENTATION_CONTEXT() REPRESENTATION_CONTEXT('2D SPACE',''
  ) );
#2706 = ORIENTED_EDGE('',*,*,#1576,.F.);
#2707 = ORIENTED_EDGE('',*,*,#2686,.F.);
#2708 = ADVANCED_FACE('',(#2709,#2719,#2722,#2725),#1656,.F.);
#2709 = FACE_BOUND('',#2710,.F.);
#2710 = EDGE_LOOP('',(#2711,#2712,#2713,#2714,#2715,#2716,#2717,#2718));
#2711 = ORIENTED_EDGE('',*,*,#2520,.F.);
#2712 = ORIENTED_EDGE('',*,*,#2424,.F.);
#2713 = ORIENTED_EDGE('',*,*,#2237,.T.);
#2714 = ORIENTED_EDGE('',*,*,#2120,.F.);
#2715 = ORIENTED_EDGE('',*,*,#2021,.T.);
#2716 = ORIENTED_EDGE('',*,*,#2188,.F.);
#2717 = ORIENTED_EDGE('',*,*,#2284,.F.);
#2718 = ORIENTED_EDGE('',*,*,#2494,.F.);
#2719 = FACE_BOUND('',#2720,.F.);
#2720 = EDGE_LOOP('',(#2721));
#2721 = ORIENTED_EDGE('',*,*,#1639,.T.);
#2722 = FACE_BOUND('',#2723,.F.);
#2723 = EDGE_LOOP('',(#2724));
#2724 = ORIENTED_EDGE('',*,*,#1725,.T.);
#2725 = FACE_BOUND('',#2726,.F.);
#2726 = EDGE_LOOP('',(#2727,#2728,#2729,#2730));
#2727 = ORIENTED_EDGE('',*,*,#1779,.T.);
#2728 = ORIENTED_EDGE('',*,*,#1895,.T.);
#2729 = ORIENTED_EDGE('',*,*,#1942,.T.);
#2730 = ORIENTED_EDGE('',*,*,#1848,.T.);
#2731 = ( GEOMETRIC_REPRESENTATION_CONTEXT(3) 
GLOBAL_UNCERTAINTY_ASSIGNED_CONTEXT((#2735)) 
GLOBAL_UNIT_ASSIGNED_CONTEXT((#2732,#2733,#2734)) REPRESENTATION_CONTEXT
('Context #1','3D Context with UNIT and UNCERTAINTY') );
#2732 = ( LENGTH_UNIT() NAMED_UNIT(*) SI_UNIT(.MILLI.,.METRE.) );
#2733 = ( NAMED_UNIT(*) PLANE_ANGLE_UNIT() SI_UNIT($,.RADIAN.) );
#2734 = ( NAMED_UNIT(*) SI_UNIT($,.STERADIAN.) SOLID_ANGLE_UNIT() );
#2735 = UNCERTAINTY_MEASURE_WITH_UNIT(LENGTH_MEASURE(1.E-07),#2732,
  'distance_accuracy_value','confusion accuracy');
#2736 = PRODUCT_RELATED_PRODUCT_CATEGORY('part',$,(#7));
ENDSEC;
END-ISO-10303-21;
